Club Name,Address,Latitude,Longitude,Category,Description
Pure Nightclub,"146 S Murphy Ave, Sunnyvale",37.377,-122.03,,
HUE,"447 Broadway, San Francisco",37.798,-122.405,ASSAULT,"BATTERY, FORMER SPOUSE OR DATING RELATIONSHIP"
HUE,"447 Broadway, San Francisco",37.798,-122.405,WARRANTS,ENROUTE TO ADULT AUTHORITY
HUE,"447 Broadway, San Francisco",37.798,-122.405,LARCENY/THEFT,PETTY THEFT FROM A BUILDING
HUE,"447 Broadway, San Francisco",37.798,-122.405,OTHER OFFENSES,RESISTING ARREST
HUE,"447 Broadway, San Francisco",37.798,-122.405,SUSPICIOUS OCC,INVESTIGATIVE DETENTION
HUE,"447 Broadway, San Francisco",37.798,-122.405,NON-CRIMINAL,LOST PROPERTY
HUE,"447 Broadway, San Francisco",37.798,-122.405,DRUG/NARCOTIC,SALE OF COCAINE
HUE,"447 Broadway, San Francisco",37.798,-122.405,DRUG/NARCOTIC,SALE OF MARIJUANA
HUE,"447 Broadway, San Francisco",37.798,-122.405,DRUG/NARCOTIC,POSSESSION OF COCAINE FOR SALES
HUE,"447 Broadway, San Francisco",37.798,-122.405,DRUG/NARCOTIC,POSSESSION OF METH-AMPHETAMINE FOR SALE
HUE,"447 Broadway, San Francisco",37.798,-122.405,LARCENY/THEFT,PETTY THEFT FROM A BUILDING
HUE,"447 Broadway, San Francisco",37.798,-122.405,MISSING PERSON,MISSING ADULT
HUE,"447 Broadway, San Francisco",37.798,-122.405,SUSPICIOUS OCC,INVESTIGATIVE DETENTION
HUE,"447 Broadway, San Francisco",37.798,-122.405,SUSPICIOUS OCC,INVESTIGATIVE DETENTION
HUE,"447 Broadway, San Francisco",37.798,-122.405,LARCENY/THEFT,GRAND THEFT FROM PERSON
HUE,"447 Broadway, San Francisco",37.798,-122.405,OTHER OFFENSES,VIOLATION OF MUNICIPAL POLICE CODE
HUE,"447 Broadway, San Francisco",37.798,-122.405,OTHER OFFENSES,TRAFFIC VIOLATION
HUE,"447 Broadway, San Francisco",37.798,-122.405,SUSPICIOUS OCC,INVESTIGATIVE DETENTION
HUE,"447 Broadway, San Francisco",37.798,-122.405,LARCENY/THEFT,GRAND THEFT OF PROPERTY
HUE,"447 Broadway, San Francisco",37.798,-122.405,OTHER OFFENSES,RESISTING ARREST
HUE,"447 Broadway, San Francisco",37.798,-122.405,OTHER OFFENSES,MISCELLANEOUS INVESTIGATION
HUE,"447 Broadway, San Francisco",37.798,-122.405,NON-CRIMINAL,"AIDED CASE, MENTAL DISTURBED"
HUE,"447 Broadway, San Francisco",37.798,-122.405,OTHER OFFENSES,TRAFFIC VIOLATION
HUE,"447 Broadway, San Francisco",37.798,-122.405,NON-CRIMINAL,LOST PROPERTY
HUE,"447 Broadway, San Francisco",37.798,-122.405,ASSAULT,"BATTERY, FORMER SPOUSE OR DATING RELATIONSHIP"
HUE,"447 Broadway, San Francisco",37.798,-122.405,SECONDARY CODES,DOMESTIC VIOLENCE
HUE,"447 Broadway, San Francisco",37.798,-122.405,OTHER OFFENSES,"DRIVERS LICENSE, SUSPENDED OR REVOKED"
HUE,"447 Broadway, San Francisco",37.798,-122.405,OTHER OFFENSES,"DRIVERS LICENSE, SUSPENDED OR REVOKED"
HUE,"447 Broadway, San Francisco",37.798,-122.405,OTHER OFFENSES,RECKLESS DRIVING
HUE,"447 Broadway, San Francisco",37.798,-122.405,OTHER OFFENSES,SPEEDING
HUE,"447 Broadway, San Francisco",37.798,-122.405,DRUG/NARCOTIC,POSSESSION OF MARIJUANA
HUE,"447 Broadway, San Francisco",37.798,-122.405,OTHER OFFENSES,RESISTING ARREST
HUE,"447 Broadway, San Francisco",37.798,-122.405,OTHER OFFENSES,TRAFFIC VIOLATION ARREST
HUE,"447 Broadway, San Francisco",37.798,-122.405,OTHER OFFENSES,FALSE PERSONATION TO RECEIVE MONEY OR PROPERTY
HUE,"447 Broadway, San Francisco",37.798,-122.405,LARCENY/THEFT,GRAND THEFT FROM PERSON
HUE,"447 Broadway, San Francisco",37.798,-122.405,FRAUD,"CREDIT CARD, THEFT BY USE OF"
HUE,"447 Broadway, San Francisco",37.798,-122.405,ROBBERY,"ROBBERY, BODILY FORCE"
HUE,"447 Broadway, San Francisco",37.798,-122.405,MISSING PERSON,MISSING ADULT
HUE,"447 Broadway, San Francisco",37.798,-122.405,SUSPICIOUS OCC,SUSPICIOUS OCCURRENCE
HUE,"447 Broadway, San Francisco",37.798,-122.405,DISORDERLY CONDUCT,DISTURBING THE PEACE
HUE,"447 Broadway, San Francisco",37.798,-122.405,NON-CRIMINAL,FOUND PROPERTY
HUE,"447 Broadway, San Francisco",37.798,-122.405,DRUNKENNESS,UNDER INFLUENCE OF ALCOHOL IN A PUBLIC PLACE
HUE,"447 Broadway, San Francisco",37.798,-122.405,"SEX OFFENSES, FORCIBLE","FORCIBLE RAPE, BODILY FORCE"
HUE,"447 Broadway, San Francisco",37.798,-122.405,NON-CRIMINAL,LOST PROPERTY
HUE,"447 Broadway, San Francisco",37.798,-122.405,OTHER OFFENSES,"DRIVERS LICENSE, SUSPENDED OR REVOKED"
HUE,"447 Broadway, San Francisco",37.798,-122.405,NON-CRIMINAL,LOST PROPERTY
HUE,"447 Broadway, San Francisco",37.798,-122.405,LARCENY/THEFT,PETTY THEFT OF PROPERTY
HUE,"447 Broadway, San Francisco",37.798,-122.405,NON-CRIMINAL,LOST PROPERTY
HUE,"447 Broadway, San Francisco",37.798,-122.405,NON-CRIMINAL,LOST PROPERTY
HUE,"447 Broadway, San Francisco",37.798,-122.405,LARCENY/THEFT,PETTY THEFT OF PROPERTY
HUE,"447 Broadway, San Francisco",37.798,-122.405,LARCENY/THEFT,PETTY THEFT OF PROPERTY
HUE,"447 Broadway, San Francisco",37.798,-122.405,LARCENY/THEFT,PETTY THEFT OF PROPERTY
HUE,"447 Broadway, San Francisco",37.798,-122.405,NON-CRIMINAL,LOST PROPERTY
HUE,"447 Broadway, San Francisco",37.798,-122.405,NON-CRIMINAL,LOST PROPERTY
HUE,"447 Broadway, San Francisco",37.798,-122.405,NON-CRIMINAL,LOST PROPERTY
HUE,"447 Broadway, San Francisco",37.798,-122.405,LARCENY/THEFT,GRAND THEFT OF PROPERTY
HUE,"447 Broadway, San Francisco",37.798,-122.405,ASSAULT,BATTERY OF A POLICE OFFICER
HUE,"447 Broadway, San Francisco",37.798,-122.405,ASSAULT,BATTERY
HUE,"447 Broadway, San Francisco",37.798,-122.405,LARCENY/THEFT,PETTY THEFT OF PROPERTY
HUE,"447 Broadway, San Francisco",37.798,-122.405,ASSAULT,BATTERY
HUE,"447 Broadway, San Francisco",37.798,-122.405,STOLEN PROPERTY,"STOLEN PROPERTY, POSSESSION WITH KNOWLEDGE, RECEIVING"
HUE,"447 Broadway, San Francisco",37.798,-122.405,LARCENY/THEFT,"LOST PROPERTY, PETTY THEFT"
HUE,"447 Broadway, San Francisco",37.798,-122.405,OTHER OFFENSES,RESISTING ARREST
HUE,"447 Broadway, San Francisco",37.798,-122.405,ASSAULT,BATTERY OF A POLICE OFFICER
HUE,"447 Broadway, San Francisco",37.798,-122.405,OTHER OFFENSES,RESISTING ARREST
HUE,"447 Broadway, San Francisco",37.798,-122.405,NON-CRIMINAL,LOST PROPERTY
Origin,"1538 Fillmore St, San Francisco",37.784,-122.433,ROBBERY,"ROBBERY OF A COMMERCIAL ESTABLISHMENT, STRONGARM"
Origin,"1538 Fillmore St, San Francisco",37.784,-122.433,ASSAULT,BATTERY
Origin,"1538 Fillmore St, San Francisco",37.784,-122.433,ROBBERY,"ROBBERY, BODILY FORCE"
Origin,"1538 Fillmore St, San Francisco",37.784,-122.433,ASSAULT,BATTERY
Origin,"1538 Fillmore St, San Francisco",37.784,-122.433,LARCENY/THEFT,PETTY THEFT FROM LOCKED AUTO
Origin,"1538 Fillmore St, San Francisco",37.784,-122.433,ASSAULT,AGGRAVATED ASSAULT WITH BODILY FORCE
Origin,"1538 Fillmore St, San Francisco",37.784,-122.433,LARCENY/THEFT,GRAND THEFT PICKPOCKET
Origin,"1538 Fillmore St, San Francisco",37.784,-122.433,WARRANTS,ENROUTE TO PAROLE OFFICER
Origin,"1538 Fillmore St, San Francisco",37.784,-122.433,VANDALISM,"MALICIOUS MISCHIEF, VANDALISM OF VEHICLES"
Origin,"1538 Fillmore St, San Francisco",37.784,-122.433,ASSAULT,AGGRAVATED ASSAULT WITH A DEADLY WEAPON
Origin,"1538 Fillmore St, San Francisco",37.784,-122.433,LARCENY/THEFT,GRAND THEFT FROM LOCKED AUTO
Origin,"1538 Fillmore St, San Francisco",37.784,-122.433,VEHICLE THEFT,STOLEN AUTOMOBILE
Origin,"1538 Fillmore St, San Francisco",37.784,-122.433,VANDALISM,"MALICIOUS MISCHIEF, VANDALISM OF VEHICLES"
Origin,"1538 Fillmore St, San Francisco",37.784,-122.433,NON-CRIMINAL,FOUND PROPERTY
Origin,"1538 Fillmore St, San Francisco",37.784,-122.433,STOLEN PROPERTY,"STOLEN PROPERTY, POSSESSION WITH KNOWLEDGE, RECEIVING"
Origin,"1538 Fillmore St, San Francisco",37.784,-122.433,OTHER OFFENSES,POSSESSION OF BURGLARY TOOLS
Origin,"1538 Fillmore St, San Francisco",37.784,-122.433,ASSAULT,BATTERY
Origin,"1538 Fillmore St, San Francisco",37.784,-122.433,OTHER OFFENSES,"DRIVERS LICENSE, SUSPENDED OR REVOKED"
Origin,"1538 Fillmore St, San Francisco",37.784,-122.433,FRAUD,"CREDIT CARD, THEFT BY USE OF"
Origin,"1538 Fillmore St, San Francisco",37.784,-122.433,LARCENY/THEFT,PETTY THEFT FROM LOCKED AUTO
Origin,"1538 Fillmore St, San Francisco",37.784,-122.433,VANDALISM,"MALICIOUS MISCHIEF, BREAKING WINDOWS"
Origin,"1538 Fillmore St, San Francisco",37.784,-122.433,ROBBERY,"ROBBERY ON THE STREET, STRONGARM"
Origin,"1538 Fillmore St, San Francisco",37.784,-122.433,STOLEN PROPERTY,"STOLEN PROPERTY, POSSESSION WITH KNOWLEDGE, RECEIVING"
Origin,"1538 Fillmore St, San Francisco",37.784,-122.433,LARCENY/THEFT,GRAND THEFT FROM PERSON
Origin,"1538 Fillmore St, San Francisco",37.784,-122.433,VANDALISM,"MALICIOUS MISCHIEF, VANDALISM OF VEHICLES"
Origin,"1538 Fillmore St, San Francisco",37.784,-122.433,ROBBERY,"ROBBERY, BODILY FORCE"
Origin,"1538 Fillmore St, San Francisco",37.784,-122.433,VEHICLE THEFT,STOLEN AUTOMOBILE
Origin,"1538 Fillmore St, San Francisco",37.784,-122.433,LARCENY/THEFT,PETTY THEFT FROM LOCKED AUTO
Origin,"1538 Fillmore St, San Francisco",37.784,-122.433,LARCENY/THEFT,GRAND THEFT PICKPOCKET
Origin,"1538 Fillmore St, San Francisco",37.784,-122.433,FRAUD,"CREDIT CARD, THEFT BY USE OF"
Origin,"1538 Fillmore St, San Francisco",37.784,-122.433,VANDALISM,"MALICIOUS MISCHIEF, VANDALISM"
Origin,"1538 Fillmore St, San Francisco",37.784,-122.433,LARCENY/THEFT,GRAND THEFT FROM LOCKED AUTO
Origin,"1538 Fillmore St, San Francisco",37.784,-122.433,NON-CRIMINAL,AIDED CASE
Origin,"1538 Fillmore St, San Francisco",37.784,-122.433,NON-CRIMINAL,FOUND PROPERTY
Origin,"1538 Fillmore St, San Francisco",37.784,-122.433,OTHER OFFENSES,"DRIVERS LICENSE, SUSPENDED OR REVOKED"
Origin,"1538 Fillmore St, San Francisco",37.784,-122.433,FORGERY/COUNTERFEITING,"CHECKS, POSSESSION WITH INTENT TO PASS"
Origin,"1538 Fillmore St, San Francisco",37.784,-122.433,BURGLARY,"BURGLARY, UNLAWFUL ENTRY"
Origin,"1538 Fillmore St, San Francisco",37.784,-122.433,OTHER OFFENSES,FALSE PERSONATION TO RECEIVE MONEY OR PROPERTY
Origin,"1538 Fillmore St, San Francisco",37.784,-122.433,STOLEN PROPERTY,"STOLEN PROPERTY, POSSESSION WITH KNOWLEDGE, RECEIVING"
Origin,"1538 Fillmore St, San Francisco",37.784,-122.433,OTHER OFFENSES,"FRAUDULENT GAME OR TRICK, OBTAINING MONEY OR PROPERTY"
Origin,"1538 Fillmore St, San Francisco",37.784,-122.433,VANDALISM,"MALICIOUS MISCHIEF, VANDALISM"
Origin,"1538 Fillmore St, San Francisco",37.784,-122.433,NON-CRIMINAL,LOST PROPERTY
Origin,"1538 Fillmore St, San Francisco",37.784,-122.433,LARCENY/THEFT,GRAND THEFT FROM PERSON
Origin,"1538 Fillmore St, San Francisco",37.784,-122.433,ASSAULT,ASSAULT ON A POLICE OFFICER WITH A DEADLY WEAPON
Origin,"1538 Fillmore St, San Francisco",37.784,-122.433,ASSAULT,BATTERY OF A POLICE OFFICER
Origin,"1538 Fillmore St, San Francisco",37.784,-122.433,BURGLARY,"BURGLARY, UNLAWFUL ENTRY"
Origin,"1538 Fillmore St, San Francisco",37.784,-122.433,STOLEN PROPERTY,"STOLEN PROPERTY, POSSESSION WITH KNOWLEDGE, RECEIVING"
Origin,"1538 Fillmore St, San Francisco",37.784,-122.433,DRUG/NARCOTIC,POSSESSION OF NARCOTICS PARAPHERNALIA
Origin,"1538 Fillmore St, San Francisco",37.784,-122.433,OTHER OFFENSES,PROBATION VIOLATION
Origin,"1538 Fillmore St, San Francisco",37.784,-122.433,OTHER OFFENSES,POSSESSION OF BURGLARY TOOLS
Origin,"1538 Fillmore St, San Francisco",37.784,-122.433,OTHER OFFENSES,RESISTING ARREST
Origin,"1538 Fillmore St, San Francisco",37.784,-122.433,ASSAULT,THREAT OR FORCE TO RESIST EXECUTIVE OFFICER
Origin,"1538 Fillmore St, San Francisco",37.784,-122.433,LARCENY/THEFT,GRAND THEFT FROM LOCKED AUTO
Origin,"1538 Fillmore St, San Francisco",37.784,-122.433,ASSAULT,AGGRAVATED ASSAULT WITH A KNIFE
Origin,"1538 Fillmore St, San Francisco",37.784,-122.433,ASSAULT,INFLICT INJURY ON COHABITEE
Origin,"1538 Fillmore St, San Francisco",37.784,-122.433,FORGERY/COUNTERFEITING,"CHECKS, MAKE OR PASS FICTITIOUS"
Origin,"1538 Fillmore St, San Francisco",37.784,-122.433,OTHER OFFENSES,"FRAUDULENT GAME OR TRICK, OBTAINING MONEY OR PROPERTY"
Origin,"1538 Fillmore St, San Francisco",37.784,-122.433,LARCENY/THEFT,PETTY THEFT SHOPLIFTING
Origin,"1538 Fillmore St, San Francisco",37.784,-122.433,ASSAULT,BATTERY
Origin,"1538 Fillmore St, San Francisco",37.784,-122.433,VANDALISM,"MALICIOUS MISCHIEF, VANDALISM OF VEHICLES"
Origin,"1538 Fillmore St, San Francisco",37.784,-122.433,ROBBERY,"ROBBERY, BODILY FORCE"
Origin,"1538 Fillmore St, San Francisco",37.784,-122.433,ASSAULT,AGGRAVATED ASSAULT WITH A KNIFE
Origin,"1538 Fillmore St, San Francisco",37.784,-122.433,ASSAULT,ELDER ADULT OR DEPENDENT ABUSE (NOT EMBEZZLEMENT OR THEFT)
Origin,"1538 Fillmore St, San Francisco",37.784,-122.433,ASSAULT,THREATS AGAINST LIFE
Origin,"1538 Fillmore St, San Francisco",37.784,-122.433,WARRANTS,WARRANT ARREST
Origin,"1538 Fillmore St, San Francisco",37.784,-122.433,NON-CRIMINAL,LOST PROPERTY
Origin,"1538 Fillmore St, San Francisco",37.784,-122.433,BAD CHECKS,"CHECKS, NON-SUFFICIENT FUNDS (MISDEMEANOR)"
Origin,"1538 Fillmore St, San Francisco",37.784,-122.433,LARCENY/THEFT,PETTY THEFT FROM LOCKED AUTO
Origin,"1538 Fillmore St, San Francisco",37.784,-122.433,ASSAULT,BATTERY
Origin,"1538 Fillmore St, San Francisco",37.784,-122.433,OTHER OFFENSES,RESISTING ARREST
Origin,"1538 Fillmore St, San Francisco",37.784,-122.433,OTHER OFFENSES,TRAFFIC VIOLATION ARREST
Origin,"1538 Fillmore St, San Francisco",37.784,-122.433,NON-CRIMINAL,AIDED CASE
Origin,"1538 Fillmore St, San Francisco",37.784,-122.433,LARCENY/THEFT,GRAND THEFT FROM PERSON
Origin,"1538 Fillmore St, San Francisco",37.784,-122.433,LARCENY/THEFT,GRAND THEFT FROM PERSON
Origin,"1538 Fillmore St, San Francisco",37.784,-122.433,LARCENY/THEFT,GRAND THEFT PICKPOCKET
Origin,"1538 Fillmore St, San Francisco",37.784,-122.433,FRAUD,"CREDIT CARD, THEFT BY USE OF"
Origin,"1538 Fillmore St, San Francisco",37.784,-122.433,SUSPICIOUS OCC,INVESTIGATIVE DETENTION
Origin,"1538 Fillmore St, San Francisco",37.784,-122.433,LARCENY/THEFT,GRAND THEFT FROM LOCKED AUTO
Origin,"1538 Fillmore St, San Francisco",37.784,-122.433,BURGLARY,"BURGLARY,STORE UNDER CONSTRUCTION, FORCIBLE ENTRY"
Origin,"1538 Fillmore St, San Francisco",37.784,-122.433,MISSING PERSON,MISSING ADULT
Origin,"1538 Fillmore St, San Francisco",37.784,-122.433,MISSING PERSON,FOUND PERSON
Origin,"1538 Fillmore St, San Francisco",37.784,-122.433,VEHICLE THEFT,STOLEN AUTOMOBILE
Origin,"1538 Fillmore St, San Francisco",37.784,-122.433,FORGERY/COUNTERFEITING,"CHECKS, FORGERY (FELONY)"
Origin,"1538 Fillmore St, San Francisco",37.784,-122.433,FORGERY/COUNTERFEITING,"CHECKS, FORGERY (FELONY)"
Origin,"1538 Fillmore St, San Francisco",37.784,-122.433,MISSING PERSON,MISSING ADULT
Origin,"1538 Fillmore St, San Francisco",37.784,-122.433,MISSING PERSON,FOUND PERSON
Origin,"1538 Fillmore St, San Francisco",37.784,-122.433,LARCENY/THEFT,GRAND THEFT PICKPOCKET
Origin,"1538 Fillmore St, San Francisco",37.784,-122.433,LARCENY/THEFT,GRAND THEFT PICKPOCKET
Origin,"1538 Fillmore St, San Francisco",37.784,-122.433,VANDALISM,"MALICIOUS MISCHIEF, BREAKING WINDOWS"
Origin,"1538 Fillmore St, San Francisco",37.784,-122.433,WEAPON LAWS,POSSESSION OF AIR GUN
Origin,"1538 Fillmore St, San Francisco",37.784,-122.433,LARCENY/THEFT,GRAND THEFT FROM LOCKED AUTO
Origin,"1538 Fillmore St, San Francisco",37.784,-122.433,LARCENY/THEFT,GRAND THEFT FROM LOCKED AUTO
Origin,"1538 Fillmore St, San Francisco",37.784,-122.433,NON-CRIMINAL,LOST PROPERTY
Origin,"1538 Fillmore St, San Francisco",37.784,-122.433,LARCENY/THEFT,GRAND THEFT FROM LOCKED AUTO
Origin,"1538 Fillmore St, San Francisco",37.784,-122.433,LARCENY/THEFT,GRAND THEFT FROM LOCKED AUTO
Origin,"1538 Fillmore St, San Francisco",37.784,-122.433,LARCENY/THEFT,GRAND THEFT FROM LOCKED AUTO
Origin,"1538 Fillmore St, San Francisco",37.784,-122.433,LARCENY/THEFT,GRAND THEFT FROM LOCKED AUTO
Origin,"1538 Fillmore St, San Francisco",37.784,-122.433,LARCENY/THEFT,GRAND THEFT FROM LOCKED AUTO
Origin,"1538 Fillmore St, San Francisco",37.784,-122.433,LARCENY/THEFT,GRAND THEFT FROM LOCKED AUTO
Origin,"1538 Fillmore St, San Francisco",37.784,-122.433,NON-CRIMINAL,LOST PROPERTY
Origin,"1538 Fillmore St, San Francisco",37.784,-122.433,LARCENY/THEFT,GRAND THEFT FROM LOCKED AUTO
Origin,"1538 Fillmore St, San Francisco",37.784,-122.433,LARCENY/THEFT,GRAND THEFT OF PROPERTY
Origin,"1538 Fillmore St, San Francisco",37.784,-122.433,LARCENY/THEFT,PETTY THEFT OF PROPERTY
Origin,"1538 Fillmore St, San Francisco",37.784,-122.433,LARCENY/THEFT,PETTY THEFT OF PROPERTY
Origin,"1538 Fillmore St, San Francisco",37.784,-122.433,LARCENY/THEFT,GRAND THEFT FROM LOCKED AUTO
Origin,"1538 Fillmore St, San Francisco",37.784,-122.433,NON-CRIMINAL,LOST PROPERTY
Origin,"1538 Fillmore St, San Francisco",37.784,-122.433,NON-CRIMINAL,LOST PROPERTY
Origin,"1538 Fillmore St, San Francisco",37.784,-122.433,LARCENY/THEFT,GRAND THEFT FROM LOCKED AUTO
Origin,"1538 Fillmore St, San Francisco",37.784,-122.433,NON-CRIMINAL,LOST PROPERTY
Origin,"1538 Fillmore St, San Francisco",37.784,-122.433,LARCENY/THEFT,GRAND THEFT FROM LOCKED AUTO
Origin,"1538 Fillmore St, San Francisco",37.784,-122.433,LARCENY/THEFT,GRAND THEFT FROM LOCKED AUTO
Origin,"1538 Fillmore St, San Francisco",37.784,-122.433,LARCENY/THEFT,GRAND THEFT FROM UNLOCKED AUTO
Origin,"1538 Fillmore St, San Francisco",37.784,-122.433,LARCENY/THEFT,GRAND THEFT FROM LOCKED AUTO
Origin,"1538 Fillmore St, San Francisco",37.784,-122.433,LARCENY/THEFT,GRAND THEFT FROM PERSON
Origin,"1538 Fillmore St, San Francisco",37.784,-122.433,LARCENY/THEFT,GRAND THEFT FROM LOCKED AUTO
Origin,"1538 Fillmore St, San Francisco",37.784,-122.433,VANDALISM,"MALICIOUS MISCHIEF, VANDALISM"
Origin,"1538 Fillmore St, San Francisco",37.784,-122.433,LARCENY/THEFT,PETTY THEFT OF PROPERTY
Origin,"1538 Fillmore St, San Francisco",37.784,-122.433,LARCENY/THEFT,GRAND THEFT FROM LOCKED AUTO
Origin,"1538 Fillmore St, San Francisco",37.784,-122.433,NON-CRIMINAL,LOST PROPERTY
Origin,"1538 Fillmore St, San Francisco",37.784,-122.433,LARCENY/THEFT,GRAND THEFT FROM LOCKED AUTO
Origin,"1538 Fillmore St, San Francisco",37.784,-122.433,LARCENY/THEFT,GRAND THEFT OF PROPERTY
Origin,"1538 Fillmore St, San Francisco",37.784,-122.433,OTHER OFFENSES,PROBATION VIOLATION
Origin,"1538 Fillmore St, San Francisco",37.784,-122.433,WARRANTS,WARRANT ARREST
Origin,"1538 Fillmore St, San Francisco",37.784,-122.433,WARRANTS,WARRANT ARREST
Origin,"1538 Fillmore St, San Francisco",37.784,-122.433,LARCENY/THEFT,GRAND THEFT FROM LOCKED AUTO
Origin,"1538 Fillmore St, San Francisco",37.784,-122.433,LARCENY/THEFT,GRAND THEFT FROM LOCKED AUTO
Origin,"1538 Fillmore St, San Francisco",37.784,-122.433,LARCENY/THEFT,GRAND THEFT FROM LOCKED AUTO
Origin,"1538 Fillmore St, San Francisco",37.784,-122.433,LARCENY/THEFT,GRAND THEFT FROM LOCKED AUTO
Origin,"1538 Fillmore St, San Francisco",37.784,-122.433,LARCENY/THEFT,GRAND THEFT FROM LOCKED AUTO
Origin,"1538 Fillmore St, San Francisco",37.784,-122.433,LARCENY/THEFT,PETTY THEFT OF PROPERTY
Origin,"1538 Fillmore St, San Francisco",37.784,-122.433,LARCENY/THEFT,GRAND THEFT FROM LOCKED AUTO
Origin,"1538 Fillmore St, San Francisco",37.784,-122.433,LARCENY/THEFT,GRAND THEFT FROM LOCKED AUTO
Origin,"1538 Fillmore St, San Francisco",37.784,-122.433,NON-CRIMINAL,LOST PROPERTY
Origin,"1538 Fillmore St, San Francisco",37.784,-122.433,NON-CRIMINAL,LOST PROPERTY
Origin,"1538 Fillmore St, San Francisco",37.784,-122.433,LARCENY/THEFT,GRAND THEFT FROM LOCKED AUTO
Origin,"1538 Fillmore St, San Francisco",37.784,-122.433,LARCENY/THEFT,GRAND THEFT FROM LOCKED AUTO
Origin,"1538 Fillmore St, San Francisco",37.784,-122.433,OTHER OFFENSES,LOST/STOLEN LICENSE PLATE
Origin,"1538 Fillmore St, San Francisco",37.784,-122.433,SUSPICIOUS OCC,SUSPICIOUS ACT TOWARDS CHILD
Origin,"1538 Fillmore St, San Francisco",37.784,-122.433,ROBBERY,"ROBBERY, BODILY FORCE"
Origin,"1538 Fillmore St, San Francisco",37.784,-122.433,LARCENY/THEFT,PETTY THEFT FROM LOCKED AUTO
Origin,"1538 Fillmore St, San Francisco",37.784,-122.433,STOLEN PROPERTY,"STOLEN PROPERTY, POSSESSION WITH KNOWLEDGE, RECEIVING"
Origin,"1538 Fillmore St, San Francisco",37.784,-122.433,LARCENY/THEFT,THEFT FROM MERCHANT OR LIBRARY
Origin,"1538 Fillmore St, San Francisco",37.784,-122.433,SUSPICIOUS OCC,INVESTIGATIVE DETENTION
Origin,"1538 Fillmore St, San Francisco",37.784,-122.433,LARCENY/THEFT,GRAND THEFT PICKPOCKET
Origin,"1538 Fillmore St, San Francisco",37.784,-122.433,FRAUD,"CREDIT CARD, THEFT BY USE OF"
Origin,"1538 Fillmore St, San Francisco",37.784,-122.433,LARCENY/THEFT,PETTY THEFT FROM A BUILDING
Origin,"1538 Fillmore St, San Francisco",37.784,-122.433,LARCENY/THEFT,GRAND THEFT PURSESNATCH
Origin,"1538 Fillmore St, San Francisco",37.784,-122.433,VANDALISM,"MALICIOUS MISCHIEF, VANDALISM"
Origin,"1538 Fillmore St, San Francisco",37.784,-122.433,LARCENY/THEFT,GRAND THEFT FROM LOCKED AUTO
Origin,"1538 Fillmore St, San Francisco",37.784,-122.433,NON-CRIMINAL,"AIDED CASE, INJURED PERSON"
Origin,"1538 Fillmore St, San Francisco",37.784,-122.433,NON-CRIMINAL,"AIDED CASE, MENTAL DISTURBED"
Origin,"1538 Fillmore St, San Francisco",37.784,-122.433,NON-CRIMINAL,AIDED CASE
The Grand,"520 4th St, San Francisco",37.779,-122.398,STOLEN PROPERTY,"STOLEN ACCESS CARD, POSSESSION"
The Grand,"520 4th St, San Francisco",37.779,-122.398,NON-CRIMINAL,LOST PROPERTY
The Grand,"520 4th St, San Francisco",37.779,-122.398,VEHICLE THEFT,STOLEN AUTOMOBILE
The Grand,"520 4th St, San Francisco",37.779,-122.398,FRAUD,"CREDIT CARD, THEFT BY USE OF"
The Grand,"520 4th St, San Francisco",37.779,-122.398,LARCENY/THEFT,GRAND THEFT FROM LOCKED AUTO
The Grand,"520 4th St, San Francisco",37.779,-122.398,SUSPICIOUS OCC,INVESTIGATIVE DETENTION
The Grand,"520 4th St, San Francisco",37.779,-122.398,SUSPICIOUS OCC,INVESTIGATIVE DETENTION
The Grand,"520 4th St, San Francisco",37.779,-122.398,OTHER OFFENSES,MISCELLANEOUS INVESTIGATION
The Grand,"520 4th St, San Francisco",37.779,-122.398,LARCENY/THEFT,ATTEMPTED THEFT FROM LOCKED VEHICLE
The Grand,"520 4th St, San Francisco",37.779,-122.398,ASSAULT,AGGRAVATED ASSAULT WITH A DEADLY WEAPON
The Grand,"520 4th St, San Francisco",37.779,-122.398,VANDALISM,"MALICIOUS MISCHIEF, BREAKING WINDOWS"
The Grand,"520 4th St, San Francisco",37.779,-122.398,NON-CRIMINAL,"DEATH REPORT, CAUSE UNKNOWN"
The Grand,"520 4th St, San Francisco",37.779,-122.398,LARCENY/THEFT,GRAND THEFT FROM LOCKED AUTO
The Grand,"520 4th St, San Francisco",37.779,-122.398,NON-CRIMINAL,LOST PROPERTY
The Grand,"520 4th St, San Francisco",37.779,-122.398,ASSAULT,ATTEMPTED HOMICIDE WITH BODILY FORCE
The Grand,"520 4th St, San Francisco",37.779,-122.398,ASSAULT,AGGRAVATED ASSAULT WITH A GUN
The Grand,"520 4th St, San Francisco",37.779,-122.398,ASSAULT,BATTERY
The Grand,"520 4th St, San Francisco",37.779,-122.398,ASSAULT,BATTERY WITH SERIOUS INJURIES
The Grand,"520 4th St, San Francisco",37.779,-122.398,LARCENY/THEFT,GRAND THEFT FROM LOCKED AUTO
The Grand,"520 4th St, San Francisco",37.779,-122.398,LARCENY/THEFT,PETTY THEFT OF PROPERTY
The Grand,"520 4th St, San Francisco",37.779,-122.398,LARCENY/THEFT,GRAND THEFT FROM LOCKED AUTO
The Grand,"520 4th St, San Francisco",37.779,-122.398,NON-CRIMINAL,LOST PROPERTY
The Grand,"520 4th St, San Francisco",37.779,-122.398,LARCENY/THEFT,PETTY THEFT OF PROPERTY
The Grand,"520 4th St, San Francisco",37.779,-122.398,NON-CRIMINAL,LOST PROPERTY
The Grand,"520 4th St, San Francisco",37.779,-122.398,NON-CRIMINAL,LOST PROPERTY
F8,"1192 Folsom St, San Francisco",37.775,-122.41,LARCENY/THEFT,PETTY THEFT FROM LOCKED AUTO
F8,"1192 Folsom St, San Francisco",37.775,-122.41,NON-CRIMINAL,FOUND PROPERTY
F8,"1192 Folsom St, San Francisco",37.775,-122.41,LARCENY/THEFT,PETTY THEFT FROM LOCKED AUTO
F8,"1192 Folsom St, San Francisco",37.775,-122.41,VEHICLE THEFT,STOLEN TRUCK
F8,"1192 Folsom St, San Francisco",37.775,-122.41,SUSPICIOUS OCC,SUSPICIOUS OCCURRENCE
F8,"1192 Folsom St, San Francisco",37.775,-122.41,WARRANTS,WARRANT ARREST
F8,"1192 Folsom St, San Francisco",37.775,-122.41,RECOVERED VEHICLE,"VEHICLE, RECOVERED, AUTO"
F8,"1192 Folsom St, San Francisco",37.775,-122.41,DRUG/NARCOTIC,POSSESSION OF NARCOTICS PARAPHERNALIA
F8,"1192 Folsom St, San Francisco",37.775,-122.41,OTHER OFFENSES,PAROLE VIOLATION
F8,"1192 Folsom St, San Francisco",37.775,-122.41,BURGLARY,"BURGLARY, FORCIBLE ENTRY"
F8,"1192 Folsom St, San Francisco",37.775,-122.41,LARCENY/THEFT,GRAND THEFT PICKPOCKET
F8,"1192 Folsom St, San Francisco",37.775,-122.41,DRUG/NARCOTIC,POSSESSION OF MARIJUANA
F8,"1192 Folsom St, San Francisco",37.775,-122.41,DRUG/NARCOTIC,POSSESSION OF METH-AMPHETAMINE
F8,"1192 Folsom St, San Francisco",37.775,-122.41,OTHER OFFENSES,"DRIVERS LICENSE, SUSPENDED OR REVOKED"
F8,"1192 Folsom St, San Francisco",37.775,-122.41,LARCENY/THEFT,PETTY THEFT FROM LOCKED AUTO
F8,"1192 Folsom St, San Francisco",37.775,-122.41,ASSAULT,BATTERY
F8,"1192 Folsom St, San Francisco",37.775,-122.41,DRIVING UNDER THE INFLUENCE,DRIVING WHILE UNDER THE INFLUENCE OF DRUGS
F8,"1192 Folsom St, San Francisco",37.775,-122.41,DISORDERLY CONDUCT,"DISTURBING THE PEACE, FIGHTING"
F8,"1192 Folsom St, San Francisco",37.775,-122.41,OTHER OFFENSES,POSSESSION OF BURGLARY TOOLS
F8,"1192 Folsom St, San Francisco",37.775,-122.41,WARRANTS,WARRANT ARREST
F8,"1192 Folsom St, San Francisco",37.775,-122.41,"SEX OFFENSES, FORCIBLE",SEXUAL BATTERY
F8,"1192 Folsom St, San Francisco",37.775,-122.41,ASSAULT,FALSE IMPRISONMENT
F8,"1192 Folsom St, San Francisco",37.775,-122.41,OTHER OFFENSES,CONSPIRACY
F8,"1192 Folsom St, San Francisco",37.775,-122.41,LARCENY/THEFT,ATTEMPTED SHOPLIFTING
F8,"1192 Folsom St, San Francisco",37.775,-122.41,ASSAULT,BATTERY
F8,"1192 Folsom St, San Francisco",37.775,-122.41,OTHER OFFENSES,TRAFFIC VIOLATION
F8,"1192 Folsom St, San Francisco",37.775,-122.41,OTHER OFFENSES,"DRIVERS LICENSE, SUSPENDED OR REVOKED"
F8,"1192 Folsom St, San Francisco",37.775,-122.41,DRIVING UNDER THE INFLUENCE,DRIVING WHILE UNDER THE INFLUENCE OF ALCOHOL
F8,"1192 Folsom St, San Francisco",37.775,-122.41,OTHER OFFENSES,"DRIVERS LICENSE, SUSPENDED OR REVOKED"
F8,"1192 Folsom St, San Francisco",37.775,-122.41,VEHICLE THEFT,STOLEN AUTOMOBILE
F8,"1192 Folsom St, San Francisco",37.775,-122.41,OTHER OFFENSES,RESISTING ARREST
F8,"1192 Folsom St, San Francisco",37.775,-122.41,OTHER OFFENSES,TRAFFIC VIOLATION ARREST
F8,"1192 Folsom St, San Francisco",37.775,-122.41,OTHER OFFENSES,TRAFFIC VIOLATION
F8,"1192 Folsom St, San Francisco",37.775,-122.41,LARCENY/THEFT,PETTY THEFT FROM LOCKED AUTO
F8,"1192 Folsom St, San Francisco",37.775,-122.41,SUSPICIOUS OCC,INVESTIGATIVE DETENTION
F8,"1192 Folsom St, San Francisco",37.775,-122.41,LARCENY/THEFT,GRAND THEFT FROM LOCKED AUTO
F8,"1192 Folsom St, San Francisco",37.775,-122.41,OTHER OFFENSES,TRAFFIC VIOLATION
F8,"1192 Folsom St, San Francisco",37.775,-122.41,ROBBERY,"ROBBERY, BODILY FORCE"
F8,"1192 Folsom St, San Francisco",37.775,-122.41,LARCENY/THEFT,PETTY THEFT FROM LOCKED AUTO
F8,"1192 Folsom St, San Francisco",37.775,-122.41,OTHER OFFENSES,PROBATION VIOLATION
F8,"1192 Folsom St, San Francisco",37.775,-122.41,OTHER OFFENSES,TRAFFIC VIOLATION ARREST
F8,"1192 Folsom St, San Francisco",37.775,-122.41,OTHER OFFENSES,"DRIVERS LICENSE, SUSPENDED OR REVOKED"
F8,"1192 Folsom St, San Francisco",37.775,-122.41,VANDALISM,"MALICIOUS MISCHIEF, VANDALISM OF VEHICLES"
F8,"1192 Folsom St, San Francisco",37.775,-122.41,SUSPICIOUS OCC,INVESTIGATIVE DETENTION
F8,"1192 Folsom St, San Francisco",37.775,-122.41,VANDALISM,"MALICIOUS MISCHIEF, VANDALISM OF VEHICLES"
F8,"1192 Folsom St, San Francisco",37.775,-122.41,VANDALISM,"MALICIOUS MISCHIEF, VANDALISM"
F8,"1192 Folsom St, San Francisco",37.775,-122.41,MISSING PERSON,FOUND PERSON
F8,"1192 Folsom St, San Francisco",37.775,-122.41,VEHICLE THEFT,STOLEN AUTOMOBILE
F8,"1192 Folsom St, San Francisco",37.775,-122.41,LARCENY/THEFT,GRAND THEFT FROM LOCKED AUTO
F8,"1192 Folsom St, San Francisco",37.775,-122.41,OTHER OFFENSES,"DRIVERS LICENSE, SUSPENDED OR REVOKED"
F8,"1192 Folsom St, San Francisco",37.775,-122.41,OTHER OFFENSES,PROBATION VIOLATION
F8,"1192 Folsom St, San Francisco",37.775,-122.41,OTHER OFFENSES,POSSESSION OF BURGLARY TOOLS W/PRIORS
F8,"1192 Folsom St, San Francisco",37.775,-122.41,OTHER OFFENSES,RESISTING ARREST
F8,"1192 Folsom St, San Francisco",37.775,-122.41,OTHER OFFENSES,TRAFFIC VIOLATION ARREST
F8,"1192 Folsom St, San Francisco",37.775,-122.41,ASSAULT,AGGRAVATED ASSAULT WITH A DEADLY WEAPON
F8,"1192 Folsom St, San Francisco",37.775,-122.41,ASSAULT,AGGRAVATED ASSAULT WITH BODILY FORCE
F8,"1192 Folsom St, San Francisco",37.775,-122.41,ASSAULT,BATTERY
F8,"1192 Folsom St, San Francisco",37.775,-122.41,LARCENY/THEFT,GRAND THEFT FROM PERSON
F8,"1192 Folsom St, San Francisco",37.775,-122.41,NON-CRIMINAL,PROPERTY FOR IDENTIFICATION
F8,"1192 Folsom St, San Francisco",37.775,-122.41,OTHER OFFENSES,TRAFFIC VIOLATION ARREST
F8,"1192 Folsom St, San Francisco",37.775,-122.41,OTHER OFFENSES,"DRIVERS LICENSE, SUSPENDED OR REVOKED"
F8,"1192 Folsom St, San Francisco",37.775,-122.41,OTHER OFFENSES,"DRIVERS LICENSE, SUSPENDED OR REVOKED"
F8,"1192 Folsom St, San Francisco",37.775,-122.41,LARCENY/THEFT,GRAND THEFT FROM PERSON
F8,"1192 Folsom St, San Francisco",37.775,-122.41,LARCENY/THEFT,PETTY THEFT FROM LOCKED AUTO
F8,"1192 Folsom St, San Francisco",37.775,-122.41,OTHER OFFENSES,TRAFFIC VIOLATION ARREST
F8,"1192 Folsom St, San Francisco",37.775,-122.41,OTHER OFFENSES,"DRIVERS LICENSE, SUSPENDED OR REVOKED"
F8,"1192 Folsom St, San Francisco",37.775,-122.41,ROBBERY,"ROBBERY ON THE STREET, STRONGARM"
F8,"1192 Folsom St, San Francisco",37.775,-122.41,ASSAULT,AGGRAVATED ASSAULT WITH BODILY FORCE
F8,"1192 Folsom St, San Francisco",37.775,-122.41,LARCENY/THEFT,GRAND THEFT FROM LOCKED AUTO
F8,"1192 Folsom St, San Francisco",37.775,-122.41,LARCENY/THEFT,GRAND THEFT FROM LOCKED AUTO
F8,"1192 Folsom St, San Francisco",37.775,-122.41,NON-CRIMINAL,"AIDED CASE, MENTAL DISTURBED"
F8,"1192 Folsom St, San Francisco",37.775,-122.41,RECOVERED VEHICLE,RECOVERED VEHICLE - STOLEN OUTSIDE SF
F8,"1192 Folsom St, San Francisco",37.775,-122.41,OTHER OFFENSES,"DRIVERS LICENSE, SUSPENDED OR REVOKED"
F8,"1192 Folsom St, San Francisco",37.775,-122.41,LARCENY/THEFT,GRAND THEFT FROM LOCKED AUTO
F8,"1192 Folsom St, San Francisco",37.775,-122.41,LARCENY/THEFT,PETTY THEFT FROM A BUILDING
F8,"1192 Folsom St, San Francisco",37.775,-122.41,LARCENY/THEFT,GRAND THEFT FROM LOCKED AUTO
F8,"1192 Folsom St, San Francisco",37.775,-122.41,NON-CRIMINAL,LOST PROPERTY
F8,"1192 Folsom St, San Francisco",37.775,-122.41,LARCENY/THEFT,PETTY THEFT OF PROPERTY
F8,"1192 Folsom St, San Francisco",37.775,-122.41,LARCENY/THEFT,GRAND THEFT FROM LOCKED AUTO
F8,"1192 Folsom St, San Francisco",37.775,-122.41,LARCENY/THEFT,PETTY THEFT OF PROPERTY
F8,"1192 Folsom St, San Francisco",37.775,-122.41,LARCENY/THEFT,PETTY THEFT OF PROPERTY
F8,"1192 Folsom St, San Francisco",37.775,-122.41,LARCENY/THEFT,GRAND THEFT FROM LOCKED AUTO
F8,"1192 Folsom St, San Francisco",37.775,-122.41,LARCENY/THEFT,GRAND THEFT FROM LOCKED AUTO
F8,"1192 Folsom St, San Francisco",37.775,-122.41,LARCENY/THEFT,GRAND THEFT FROM LOCKED AUTO
F8,"1192 Folsom St, San Francisco",37.775,-122.41,LARCENY/THEFT,GRAND THEFT OF PROPERTY
F8,"1192 Folsom St, San Francisco",37.775,-122.41,LARCENY/THEFT,GRAND THEFT FROM LOCKED AUTO
F8,"1192 Folsom St, San Francisco",37.775,-122.41,LARCENY/THEFT,GRAND THEFT FROM LOCKED AUTO
F8,"1192 Folsom St, San Francisco",37.775,-122.41,LARCENY/THEFT,GRAND THEFT FROM LOCKED AUTO
F8,"1192 Folsom St, San Francisco",37.775,-122.41,LARCENY/THEFT,PETTY THEFT OF PROPERTY
F8,"1192 Folsom St, San Francisco",37.775,-122.41,LARCENY/THEFT,GRAND THEFT FROM LOCKED AUTO
F8,"1192 Folsom St, San Francisco",37.775,-122.41,LARCENY/THEFT,GRAND THEFT FROM LOCKED AUTO
F8,"1192 Folsom St, San Francisco",37.775,-122.41,LARCENY/THEFT,GRAND THEFT FROM LOCKED AUTO
F8,"1192 Folsom St, San Francisco",37.775,-122.41,LARCENY/THEFT,GRAND THEFT FROM LOCKED AUTO
F8,"1192 Folsom St, San Francisco",37.775,-122.41,LARCENY/THEFT,GRAND THEFT FROM LOCKED AUTO
F8,"1192 Folsom St, San Francisco",37.775,-122.41,LARCENY/THEFT,GRAND THEFT FROM LOCKED AUTO
F8,"1192 Folsom St, San Francisco",37.775,-122.41,LARCENY/THEFT,GRAND THEFT FROM LOCKED AUTO
F8,"1192 Folsom St, San Francisco",37.775,-122.41,NON-CRIMINAL,LOST PROPERTY
F8,"1192 Folsom St, San Francisco",37.775,-122.41,VANDALISM,"MALICIOUS MISCHIEF, VANDALISM"
F8,"1192 Folsom St, San Francisco",37.775,-122.41,LARCENY/THEFT,GRAND THEFT FROM LOCKED AUTO
F8,"1192 Folsom St, San Francisco",37.775,-122.41,VANDALISM,"MALICIOUS MISCHIEF, VANDALISM"
F8,"1192 Folsom St, San Francisco",37.775,-122.41,LARCENY/THEFT,GRAND THEFT FROM LOCKED AUTO
F8,"1192 Folsom St, San Francisco",37.775,-122.41,LARCENY/THEFT,GRAND THEFT FROM LOCKED AUTO
F8,"1192 Folsom St, San Francisco",37.775,-122.41,LARCENY/THEFT,GRAND THEFT FROM LOCKED AUTO
F8,"1192 Folsom St, San Francisco",37.775,-122.41,LARCENY/THEFT,GRAND THEFT FROM LOCKED AUTO
F8,"1192 Folsom St, San Francisco",37.775,-122.41,LARCENY/THEFT,GRAND THEFT FROM LOCKED AUTO
F8,"1192 Folsom St, San Francisco",37.775,-122.41,BURGLARY,"BURGLARY, FORCIBLE ENTRY"
F8,"1192 Folsom St, San Francisco",37.775,-122.41,WARRANTS,WARRANT ARREST
F8,"1192 Folsom St, San Francisco",37.775,-122.41,LARCENY/THEFT,PETTY THEFT FROM LOCKED AUTO
F8,"1192 Folsom St, San Francisco",37.775,-122.41,SUSPICIOUS OCC,INVESTIGATIVE DETENTION
F8,"1192 Folsom St, San Francisco",37.775,-122.41,OTHER OFFENSES,TRAFFIC VIOLATION ARREST
F8,"1192 Folsom St, San Francisco",37.775,-122.41,OTHER OFFENSES,"DRIVERS LICENSE, SUSPENDED OR REVOKED"
F8,"1192 Folsom St, San Francisco",37.775,-122.41,NON-CRIMINAL,LOST PROPERTY
The Holy Cow,"1535 Folsom St, San Francisco",37.771,-122.414,VANDALISM,"MALICIOUS MISCHIEF, BREAKING WINDOWS"
The Holy Cow,"1535 Folsom St, San Francisco",37.771,-122.414,VANDALISM,"MALICIOUS MISCHIEF, VANDALISM OF VEHICLES"
The Holy Cow,"1535 Folsom St, San Francisco",37.771,-122.414,VANDALISM,"MALICIOUS MISCHIEF, VANDALISM OF VEHICLES"
The Holy Cow,"1535 Folsom St, San Francisco",37.771,-122.414,SUSPICIOUS OCC,INVESTIGATIVE DETENTION
The Holy Cow,"1535 Folsom St, San Francisco",37.771,-122.414,WARRANTS,ENROUTE TO ADULT AUTHORITY
The Holy Cow,"1535 Folsom St, San Francisco",37.771,-122.414,WARRANTS,WARRANT ARREST
The Holy Cow,"1535 Folsom St, San Francisco",37.771,-122.414,VANDALISM,"MALICIOUS MISCHIEF, VANDALISM"
The Holy Cow,"1535 Folsom St, San Francisco",37.771,-122.414,LARCENY/THEFT,GRAND THEFT FROM UNLOCKED AUTO
The Holy Cow,"1535 Folsom St, San Francisco",37.771,-122.414,LARCENY/THEFT,PETTY THEFT OF PROPERTY
The Holy Cow,"1535 Folsom St, San Francisco",37.771,-122.414,LARCENY/THEFT,GRAND THEFT FROM LOCKED AUTO
George's Nightclub,"842 4th St, San Rafael",37.973,-122.525,,
1015 Folsom,"1015 Folsom St, San Francisco",37.778,-122.406,ASSAULT,BATTERY
1015 Folsom,"1015 Folsom St, San Francisco",37.778,-122.406,SUSPICIOUS OCC,SUSPICIOUS OCCURRENCE
1015 Folsom,"1015 Folsom St, San Francisco",37.778,-122.406,MISSING PERSON,MISSING ADULT
1015 Folsom,"1015 Folsom St, San Francisco",37.778,-122.406,VEHICLE THEFT,STOLEN AUTOMOBILE
1015 Folsom,"1015 Folsom St, San Francisco",37.778,-122.406,ASSAULT,BATTERY
1015 Folsom,"1015 Folsom St, San Francisco",37.778,-122.406,NON-CRIMINAL,LOST PROPERTY
1015 Folsom,"1015 Folsom St, San Francisco",37.778,-122.406,NON-CRIMINAL,LOST PROPERTY
1015 Folsom,"1015 Folsom St, San Francisco",37.778,-122.406,LARCENY/THEFT,PETTY THEFT OF PROPERTY
1015 Folsom,"1015 Folsom St, San Francisco",37.778,-122.406,LARCENY/THEFT,GRAND THEFT FROM PERSON
1015 Folsom,"1015 Folsom St, San Francisco",37.778,-122.406,BURGLARY,"BURGLARY OF RESIDENCE, UNLAWFUL ENTRY"
1015 Folsom,"1015 Folsom St, San Francisco",37.778,-122.406,NON-CRIMINAL,LOST PROPERTY
1015 Folsom,"1015 Folsom St, San Francisco",37.778,-122.406,LARCENY/THEFT,PETTY THEFT FROM LOCKED AUTO
1015 Folsom,"1015 Folsom St, San Francisco",37.778,-122.406,LARCENY/THEFT,GRAND THEFT PICKPOCKET
1015 Folsom,"1015 Folsom St, San Francisco",37.778,-122.406,LARCENY/THEFT,GRAND THEFT FROM PERSON
1015 Folsom,"1015 Folsom St, San Francisco",37.778,-122.406,ASSAULT,AGGRAVATED ASSAULT WITH BODILY FORCE
1015 Folsom,"1015 Folsom St, San Francisco",37.778,-122.406,ASSAULT,AGGRAVATED ASSAULT WITH BODILY FORCE
1015 Folsom,"1015 Folsom St, San Francisco",37.778,-122.406,OTHER OFFENSES,CONSPIRACY
1015 Folsom,"1015 Folsom St, San Francisco",37.778,-122.406,DISORDERLY CONDUCT,COMMITTING PUBLIC NUISANCE
1015 Folsom,"1015 Folsom St, San Francisco",37.778,-122.406,OTHER OFFENSES,VIOLATION OF MUNICIPAL CODE
1015 Folsom,"1015 Folsom St, San Francisco",37.778,-122.406,VANDALISM,"MALICIOUS MISCHIEF, VANDALISM OF VEHICLES"
1015 Folsom,"1015 Folsom St, San Francisco",37.778,-122.406,OTHER OFFENSES,FALSE PERSONATION TO RECEIVE MONEY OR PROPERTY
1015 Folsom,"1015 Folsom St, San Francisco",37.778,-122.406,LARCENY/THEFT,GRAND THEFT PICKPOCKET
1015 Folsom,"1015 Folsom St, San Francisco",37.778,-122.406,ASSAULT,AGGRAVATED ASSAULT WITH BODILY FORCE
1015 Folsom,"1015 Folsom St, San Francisco",37.778,-122.406,ASSAULT,BATTERY
1015 Folsom,"1015 Folsom St, San Francisco",37.778,-122.406,ASSAULT,CHILD ABUSE (PHYSICAL)
1015 Folsom,"1015 Folsom St, San Francisco",37.778,-122.406,ASSAULT,INFLICT INJURY ON COHABITEE
1015 Folsom,"1015 Folsom St, San Francisco",37.778,-122.406,LARCENY/THEFT,GRAND THEFT FROM PERSON
1015 Folsom,"1015 Folsom St, San Francisco",37.778,-122.406,LARCENY/THEFT,GRAND THEFT PICKPOCKET
1015 Folsom,"1015 Folsom St, San Francisco",37.778,-122.406,LARCENY/THEFT,PETTY THEFT FROM LOCKED AUTO
1015 Folsom,"1015 Folsom St, San Francisco",37.778,-122.406,LARCENY/THEFT,GRAND THEFT FROM LOCKED AUTO
1015 Folsom,"1015 Folsom St, San Francisco",37.778,-122.406,VEHICLE THEFT,STOLEN TRUCK
1015 Folsom,"1015 Folsom St, San Francisco",37.778,-122.406,VEHICLE THEFT,STOLEN AUTOMOBILE
1015 Folsom,"1015 Folsom St, San Francisco",37.778,-122.406,ASSAULT,BATTERY
1015 Folsom,"1015 Folsom St, San Francisco",37.778,-122.406,VANDALISM,"MALICIOUS MISCHIEF, VANDALISM OF VEHICLES"
1015 Folsom,"1015 Folsom St, San Francisco",37.778,-122.406,ASSAULT,AGGRAVATED ASSAULT WITH A DEADLY WEAPON
1015 Folsom,"1015 Folsom St, San Francisco",37.778,-122.406,DRIVING UNDER THE INFLUENCE,"DRIVING WHILE UNDER THE INFLUENCE OF ALCOHOL, W/INJURY"
1015 Folsom,"1015 Folsom St, San Francisco",37.778,-122.406,OTHER OFFENSES,MISCELLANEOUS INVESTIGATION
1015 Folsom,"1015 Folsom St, San Francisco",37.778,-122.406,OTHER OFFENSES,"TRAFFIC COLLISION, HIT & RUN, PROPERTY DAMAGE"
1015 Folsom,"1015 Folsom St, San Francisco",37.778,-122.406,MISSING PERSON,FOUND PERSON
1015 Folsom,"1015 Folsom St, San Francisco",37.778,-122.406,OTHER OFFENSES,"DRIVERS LICENSE, SUSPENDED OR REVOKED"
1015 Folsom,"1015 Folsom St, San Francisco",37.778,-122.406,BURGLARY,"BURGLARY, UNLAWFUL ENTRY"
1015 Folsom,"1015 Folsom St, San Francisco",37.778,-122.406,BURGLARY,"BURGLARY, FORCIBLE ENTRY"
1015 Folsom,"1015 Folsom St, San Francisco",37.778,-122.406,ASSAULT,BATTERY
1015 Folsom,"1015 Folsom St, San Francisco",37.778,-122.406,ASSAULT,BATTERY
1015 Folsom,"1015 Folsom St, San Francisco",37.778,-122.406,LARCENY/THEFT,GRAND THEFT FROM PERSON
1015 Folsom,"1015 Folsom St, San Francisco",37.778,-122.406,ASSAULT,BATTERY
1015 Folsom,"1015 Folsom St, San Francisco",37.778,-122.406,ASSAULT,AGGRAVATED ASSAULT WITH A DEADLY WEAPON
1015 Folsom,"1015 Folsom St, San Francisco",37.778,-122.406,ASSAULT,AGGRAVATED ASSAULT WITH BODILY FORCE
1015 Folsom,"1015 Folsom St, San Francisco",37.778,-122.406,ASSAULT,MAYHEM WITH BODILY FORCE
1015 Folsom,"1015 Folsom St, San Francisco",37.778,-122.406,ASSAULT,BATTERY WITH SERIOUS INJURIES
1015 Folsom,"1015 Folsom St, San Francisco",37.778,-122.406,ASSAULT,FALSE IMPRISONMENT
1015 Folsom,"1015 Folsom St, San Francisco",37.778,-122.406,OTHER OFFENSES,PROBATION VIOLATION
1015 Folsom,"1015 Folsom St, San Francisco",37.778,-122.406,DISORDERLY CONDUCT,COMMITTING PUBLIC NUISANCE
1015 Folsom,"1015 Folsom St, San Francisco",37.778,-122.406,SUSPICIOUS OCC,INVESTIGATIVE DETENTION
1015 Folsom,"1015 Folsom St, San Francisco",37.778,-122.406,LARCENY/THEFT,PETTY THEFT OF PROPERTY
1015 Folsom,"1015 Folsom St, San Francisco",37.778,-122.406,NON-CRIMINAL,LOST PROPERTY
1015 Folsom,"1015 Folsom St, San Francisco",37.778,-122.406,LARCENY/THEFT,PETTY THEFT OF PROPERTY
1015 Folsom,"1015 Folsom St, San Francisco",37.778,-122.406,LARCENY/THEFT,GRAND THEFT FROM LOCKED AUTO
1015 Folsom,"1015 Folsom St, San Francisco",37.778,-122.406,LARCENY/THEFT,PETTY THEFT OF PROPERTY
1015 Folsom,"1015 Folsom St, San Francisco",37.778,-122.406,LARCENY/THEFT,PETTY THEFT OF PROPERTY
1015 Folsom,"1015 Folsom St, San Francisco",37.778,-122.406,LARCENY/THEFT,PETTY THEFT OF PROPERTY
1015 Folsom,"1015 Folsom St, San Francisco",37.778,-122.406,LARCENY/THEFT,PETTY THEFT OF PROPERTY
1015 Folsom,"1015 Folsom St, San Francisco",37.778,-122.406,LARCENY/THEFT,GRAND THEFT FROM LOCKED AUTO
1015 Folsom,"1015 Folsom St, San Francisco",37.778,-122.406,LARCENY/THEFT,PETTY THEFT OF PROPERTY
1015 Folsom,"1015 Folsom St, San Francisco",37.778,-122.406,LARCENY/THEFT,PETTY THEFT OF PROPERTY
1015 Folsom,"1015 Folsom St, San Francisco",37.778,-122.406,LARCENY/THEFT,PETTY THEFT OF PROPERTY
1015 Folsom,"1015 Folsom St, San Francisco",37.778,-122.406,NON-CRIMINAL,LOST PROPERTY
1015 Folsom,"1015 Folsom St, San Francisco",37.778,-122.406,LARCENY/THEFT,GRAND THEFT OF PROPERTY
1015 Folsom,"1015 Folsom St, San Francisco",37.778,-122.406,VANDALISM,"MALICIOUS MISCHIEF, VANDALISM"
1015 Folsom,"1015 Folsom St, San Francisco",37.778,-122.406,LARCENY/THEFT,PETTY THEFT OF PROPERTY
1015 Folsom,"1015 Folsom St, San Francisco",37.778,-122.406,NON-CRIMINAL,LOST PROPERTY
1015 Folsom,"1015 Folsom St, San Francisco",37.778,-122.406,LARCENY/THEFT,PETTY THEFT OF PROPERTY
1015 Folsom,"1015 Folsom St, San Francisco",37.778,-122.406,LARCENY/THEFT,GRAND THEFT FROM LOCKED AUTO
1015 Folsom,"1015 Folsom St, San Francisco",37.778,-122.406,LARCENY/THEFT,PETTY THEFT OF PROPERTY
1015 Folsom,"1015 Folsom St, San Francisco",37.778,-122.406,LARCENY/THEFT,PETTY THEFT OF PROPERTY
1015 Folsom,"1015 Folsom St, San Francisco",37.778,-122.406,LARCENY/THEFT,PETTY THEFT OF PROPERTY
1015 Folsom,"1015 Folsom St, San Francisco",37.778,-122.406,LARCENY/THEFT,PETTY THEFT OF PROPERTY
1015 Folsom,"1015 Folsom St, San Francisco",37.778,-122.406,NON-CRIMINAL,LOST PROPERTY
1015 Folsom,"1015 Folsom St, San Francisco",37.778,-122.406,NON-CRIMINAL,LOST PROPERTY
1015 Folsom,"1015 Folsom St, San Francisco",37.778,-122.406,LARCENY/THEFT,PETTY THEFT OF PROPERTY
1015 Folsom,"1015 Folsom St, San Francisco",37.778,-122.406,NON-CRIMINAL,LOST PROPERTY
1015 Folsom,"1015 Folsom St, San Francisco",37.778,-122.406,LARCENY/THEFT,GRAND THEFT FROM LOCKED AUTO
1015 Folsom,"1015 Folsom St, San Francisco",37.778,-122.406,LARCENY/THEFT,PETTY THEFT OF PROPERTY
1015 Folsom,"1015 Folsom St, San Francisco",37.778,-122.406,LARCENY/THEFT,PETTY THEFT OF PROPERTY
1015 Folsom,"1015 Folsom St, San Francisco",37.778,-122.406,SUSPICIOUS OCC,SUSPICIOUS OCCURRENCE
1015 Folsom,"1015 Folsom St, San Francisco",37.778,-122.406,LARCENY/THEFT,PETTY THEFT OF PROPERTY
1015 Folsom,"1015 Folsom St, San Francisco",37.778,-122.406,LARCENY/THEFT,GRAND THEFT FROM LOCKED AUTO
1015 Folsom,"1015 Folsom St, San Francisco",37.778,-122.406,LARCENY/THEFT,PETTY THEFT OF PROPERTY
1015 Folsom,"1015 Folsom St, San Francisco",37.778,-122.406,LARCENY/THEFT,PETTY THEFT OF PROPERTY
1015 Folsom,"1015 Folsom St, San Francisco",37.778,-122.406,LARCENY/THEFT,PETTY THEFT OF PROPERTY
1015 Folsom,"1015 Folsom St, San Francisco",37.778,-122.406,LARCENY/THEFT,GRAND THEFT FROM LOCKED AUTO
1015 Folsom,"1015 Folsom St, San Francisco",37.778,-122.406,LARCENY/THEFT,PETTY THEFT OF PROPERTY
1015 Folsom,"1015 Folsom St, San Francisco",37.778,-122.406,LARCENY/THEFT,PETTY THEFT OF PROPERTY
1015 Folsom,"1015 Folsom St, San Francisco",37.778,-122.406,NON-CRIMINAL,LOST PROPERTY
1015 Folsom,"1015 Folsom St, San Francisco",37.778,-122.406,NON-CRIMINAL,LOST PROPERTY
1015 Folsom,"1015 Folsom St, San Francisco",37.778,-122.406,NON-CRIMINAL,LOST PROPERTY
1015 Folsom,"1015 Folsom St, San Francisco",37.778,-122.406,LARCENY/THEFT,PETTY THEFT OF PROPERTY
1015 Folsom,"1015 Folsom St, San Francisco",37.778,-122.406,NON-CRIMINAL,LOST PROPERTY
1015 Folsom,"1015 Folsom St, San Francisco",37.778,-122.406,NON-CRIMINAL,LOST PROPERTY
1015 Folsom,"1015 Folsom St, San Francisco",37.778,-122.406,NON-CRIMINAL,LOST PROPERTY
1015 Folsom,"1015 Folsom St, San Francisco",37.778,-122.406,LARCENY/THEFT,GRAND THEFT FROM LOCKED AUTO
1015 Folsom,"1015 Folsom St, San Francisco",37.778,-122.406,LARCENY/THEFT,GRAND THEFT FROM LOCKED AUTO
1015 Folsom,"1015 Folsom St, San Francisco",37.778,-122.406,NON-CRIMINAL,LOST PROPERTY
1015 Folsom,"1015 Folsom St, San Francisco",37.778,-122.406,LARCENY/THEFT,GRAND THEFT FROM UNLOCKED AUTO
1015 Folsom,"1015 Folsom St, San Francisco",37.778,-122.406,LARCENY/THEFT,PETTY THEFT OF PROPERTY
1015 Folsom,"1015 Folsom St, San Francisco",37.778,-122.406,LARCENY/THEFT,PETTY THEFT OF PROPERTY
1015 Folsom,"1015 Folsom St, San Francisco",37.778,-122.406,LARCENY/THEFT,PETTY THEFT OF PROPERTY
1015 Folsom,"1015 Folsom St, San Francisco",37.778,-122.406,NON-CRIMINAL,LOST PROPERTY
1015 Folsom,"1015 Folsom St, San Francisco",37.778,-122.406,ASSAULT,BATTERY
1015 Folsom,"1015 Folsom St, San Francisco",37.778,-122.406,LARCENY/THEFT,PETTY THEFT FROM LOCKED AUTO
1015 Folsom,"1015 Folsom St, San Francisco",37.778,-122.406,MISSING PERSON,MISSING ADULT
1015 Folsom,"1015 Folsom St, San Francisco",37.778,-122.406,LARCENY/THEFT,GRAND THEFT PICKPOCKET
1015 Folsom,"1015 Folsom St, San Francisco",37.778,-122.406,DRUG/NARCOTIC,POSSESSION OF NARCOTICS PARAPHERNALIA
1015 Folsom,"1015 Folsom St, San Francisco",37.778,-122.406,LARCENY/THEFT,PETTY THEFT OF PROPERTY
1015 Folsom,"1015 Folsom St, San Francisco",37.778,-122.406,LARCENY/THEFT,GRAND THEFT FROM LOCKED AUTO
1015 Folsom,"1015 Folsom St, San Francisco",37.778,-122.406,NON-CRIMINAL,LOST PROPERTY
1015 Folsom,"1015 Folsom St, San Francisco",37.778,-122.406,ASSAULT,BATTERY
Audio Nightclub,"316 11th St, San Francisco",37.771,-122.414,VANDALISM,"MALICIOUS MISCHIEF, BREAKING WINDOWS"
Audio Nightclub,"316 11th St, San Francisco",37.771,-122.414,VANDALISM,"MALICIOUS MISCHIEF, VANDALISM OF VEHICLES"
Audio Nightclub,"316 11th St, San Francisco",37.771,-122.414,VANDALISM,"MALICIOUS MISCHIEF, VANDALISM OF VEHICLES"
Audio Nightclub,"316 11th St, San Francisco",37.771,-122.414,SUSPICIOUS OCC,INVESTIGATIVE DETENTION
Audio Nightclub,"316 11th St, San Francisco",37.771,-122.414,WARRANTS,ENROUTE TO ADULT AUTHORITY
Audio Nightclub,"316 11th St, San Francisco",37.771,-122.414,WARRANTS,WARRANT ARREST
Audio Nightclub,"316 11th St, San Francisco",37.771,-122.414,VANDALISM,"MALICIOUS MISCHIEF, VANDALISM"
Audio Nightclub,"316 11th St, San Francisco",37.771,-122.414,LARCENY/THEFT,GRAND THEFT FROM UNLOCKED AUTO
Audio Nightclub,"316 11th St, San Francisco",37.771,-122.414,LARCENY/THEFT,PETTY THEFT OF PROPERTY
Audio Nightclub,"316 11th St, San Francisco",37.771,-122.414,LARCENY/THEFT,GRAND THEFT FROM LOCKED AUTO
Harlot,"46 Minna St, San Francisco",37.789,-122.398,NON-CRIMINAL,LOST PROPERTY
Harlot,"46 Minna St, San Francisco",37.789,-122.398,STOLEN PROPERTY,"STOLEN PROPERTY, POSSESSION WITH KNOWLEDGE, RECEIVING"
Harlot,"46 Minna St, San Francisco",37.789,-122.398,WEAPON LAWS,DISCHARGE FIREARM WITHIN CITY LIMITS
Harlot,"46 Minna St, San Francisco",37.789,-122.398,WEAPON LAWS,POSS OF FIREARM BY CONVICTED FELON/ADDICT/ALIEN
Harlot,"46 Minna St, San Francisco",37.789,-122.398,RECOVERED VEHICLE,RECOVERED VEHICLE - STOLEN OUTSIDE SF
Harlot,"46 Minna St, San Francisco",37.789,-122.398,NON-CRIMINAL,FOUND PROPERTY
Harlot,"46 Minna St, San Francisco",37.789,-122.398,SUSPICIOUS OCC,SUSPICIOUS OCCURRENCE
Harlot,"46 Minna St, San Francisco",37.789,-122.398,ASSAULT,BATTERY
Harlot,"46 Minna St, San Francisco",37.789,-122.398,DRIVING UNDER THE INFLUENCE,DRIVING WHILE UNDER THE INFLUENCE OF ALCOHOL
Harlot,"46 Minna St, San Francisco",37.789,-122.398,NON-CRIMINAL,TRAFFIC ACCIDENT
Harlot,"46 Minna St, San Francisco",37.789,-122.398,LARCENY/THEFT,"LOST PROPERTY, PETTY THEFT"
Harlot,"46 Minna St, San Francisco",37.789,-122.398,LARCENY/THEFT,GRAND THEFT FROM A BUILDING
Harlot,"46 Minna St, San Francisco",37.789,-122.398,LARCENY/THEFT,GRAND THEFT OF PROPERTY
Harlot,"46 Minna St, San Francisco",37.789,-122.398,LARCENY/THEFT,PETTY THEFT OF PROPERTY
ShBoom Nightclub,"2410 San Ramon Valley Blvd #130, San Ramon",37.775,-121.976,,
19 Broadway,"19 Broadway, Fairfax",37.987,-122.588,,
OASIS,"298 11th St, San Francisco",37.772,-122.414,ASSAULT,BATTERY
OASIS,"298 11th St, San Francisco",37.772,-122.414,ASSAULT,AGGRAVATED ASSAULT WITH A GUN
OASIS,"298 11th St, San Francisco",37.772,-122.414,LARCENY/THEFT,GRAND THEFT FROM LOCKED AUTO
OASIS,"298 11th St, San Francisco",37.772,-122.414,ASSAULT,AGGRAVATED ASSAULT WITH BODILY FORCE
OASIS,"298 11th St, San Francisco",37.772,-122.414,BURGLARY,"BURGLARY, HOT PROWL, UNLAWFUL ENTRY"
OASIS,"298 11th St, San Francisco",37.772,-122.414,LARCENY/THEFT,PETTY THEFT FROM LOCKED AUTO
OASIS,"298 11th St, San Francisco",37.772,-122.414,SUSPICIOUS OCC,INVESTIGATIVE DETENTION
OASIS,"298 11th St, San Francisco",37.772,-122.414,OTHER OFFENSES,"DRIVERS LICENSE, SUSPENDED OR REVOKED"
OASIS,"298 11th St, San Francisco",37.772,-122.414,NON-CRIMINAL,"AIDED CASE, MENTAL DISTURBED"
OASIS,"298 11th St, San Francisco",37.772,-122.414,DRUNKENNESS,UNDER INFLUENCE OF ALCOHOL IN A PUBLIC PLACE
OASIS,"298 11th St, San Francisco",37.772,-122.414,OTHER OFFENSES,RESISTING ARREST
OASIS,"298 11th St, San Francisco",37.772,-122.414,VEHICLE THEFT,STOLEN TRUCK
OASIS,"298 11th St, San Francisco",37.772,-122.414,LARCENY/THEFT,GRAND THEFT FROM PERSON
OASIS,"298 11th St, San Francisco",37.772,-122.414,LARCENY/THEFT,GRAND THEFT FROM UNLOCKED AUTO
OASIS,"298 11th St, San Francisco",37.772,-122.414,LARCENY/THEFT,GRAND THEFT FROM LOCKED AUTO
OASIS,"298 11th St, San Francisco",37.772,-122.414,LARCENY/THEFT,PETTY THEFT FROM LOCKED AUTO
OASIS,"298 11th St, San Francisco",37.772,-122.414,ROBBERY,ROBBERY ON THE STREET WITH A GUN
OASIS,"298 11th St, San Francisco",37.772,-122.414,ASSAULT,"ASSAULT, AGGRAVATED, W/ GUN"
OASIS,"298 11th St, San Francisco",37.772,-122.414,LARCENY/THEFT,GRAND THEFT FROM UNLOCKED AUTO
OASIS,"298 11th St, San Francisco",37.772,-122.414,LARCENY/THEFT,GRAND THEFT FROM PERSON
OASIS,"298 11th St, San Francisco",37.772,-122.414,STOLEN PROPERTY,"STOLEN PROPERTY, POSSESSION WITH KNOWLEDGE, RECEIVING"
OASIS,"298 11th St, San Francisco",37.772,-122.414,SECONDARY CODES,JUVENILE INVOLVED
OASIS,"298 11th St, San Francisco",37.772,-122.414,OTHER OFFENSES,MISCELLANEOUS STATE MISDEMEANOR
OASIS,"298 11th St, San Francisco",37.772,-122.414,OTHER OFFENSES,TRAFFIC VIOLATION ARREST
OASIS,"298 11th St, San Francisco",37.772,-122.414,WEAPON LAWS,EXHIBITING DEADLY WEAPON IN A THREATING MANNER
OASIS,"298 11th St, San Francisco",37.772,-122.414,NON-CRIMINAL,FOUND PROPERTY
OASIS,"298 11th St, San Francisco",37.772,-122.414,RECOVERED VEHICLE,"VEHICLE, RECOVERED, AUTO"
OASIS,"298 11th St, San Francisco",37.772,-122.414,OTHER OFFENSES,EVADING A POLICE OFFICER RECKLESSLY
OASIS,"298 11th St, San Francisco",37.772,-122.414,ROBBERY,"ROBBERY, BODILY FORCE"
OASIS,"298 11th St, San Francisco",37.772,-122.414,DRUG/NARCOTIC,POSSESSION OF NARCOTICS PARAPHERNALIA
OASIS,"298 11th St, San Francisco",37.772,-122.414,LARCENY/THEFT,GRAND THEFT FROM PERSON
OASIS,"298 11th St, San Francisco",37.772,-122.414,NON-CRIMINAL,"AIDED CASE, MENTAL DISTURBED"
OASIS,"298 11th St, San Francisco",37.772,-122.414,LARCENY/THEFT,GRAND THEFT FROM LOCKED AUTO
OASIS,"298 11th St, San Francisco",37.772,-122.414,LARCENY/THEFT,PETTY THEFT FROM LOCKED AUTO
OASIS,"298 11th St, San Francisco",37.772,-122.414,ASSAULT,AGGRAVATED ASSAULT WITH A KNIFE
OASIS,"298 11th St, San Francisco",37.772,-122.414,ASSAULT,THREATS AGAINST LIFE
OASIS,"298 11th St, San Francisco",37.772,-122.414,WEAPON LAWS,"WEAPON, DEADLY, EXHIBITING TO RESIST ARREST"
OASIS,"298 11th St, San Francisco",37.772,-122.414,LARCENY/THEFT,PETTY THEFT FROM A BUILDING
OASIS,"298 11th St, San Francisco",37.772,-122.414,VEHICLE THEFT,STOLEN AUTOMOBILE
OASIS,"298 11th St, San Francisco",37.772,-122.414,NON-CRIMINAL,LOST PROPERTY
OASIS,"298 11th St, San Francisco",37.772,-122.414,OTHER OFFENSES,FALSE PERSONATION TO RECEIVE MONEY OR PROPERTY
OASIS,"298 11th St, San Francisco",37.772,-122.414,FRAUD,"FALSE PRETENSES, GRAND THEFT"
OASIS,"298 11th St, San Francisco",37.772,-122.414,BURGLARY,"BURGLARY, VEHICLE (ARREST MADE)"
OASIS,"298 11th St, San Francisco",37.772,-122.414,OTHER OFFENSES,CONSPIRACY
OASIS,"298 11th St, San Francisco",37.772,-122.414,OTHER OFFENSES,POSSESSION OF BURGLARY TOOLS
OASIS,"298 11th St, San Francisco",37.772,-122.414,OTHER OFFENSES,TRAFFIC VIOLATION ARREST
OASIS,"298 11th St, San Francisco",37.772,-122.414,OTHER OFFENSES,TRAFFIC VIOLATION
OASIS,"298 11th St, San Francisco",37.772,-122.414,ROBBERY,"ROBBERY, BODILY FORCE"
OASIS,"298 11th St, San Francisco",37.772,-122.414,LARCENY/THEFT,PETTY THEFT FROM LOCKED AUTO
OASIS,"298 11th St, San Francisco",37.772,-122.414,ASSAULT,INFLICT INJURY ON COHABITEE
OASIS,"298 11th St, San Francisco",37.772,-122.414,LARCENY/THEFT,GRAND THEFT PICKPOCKET
OASIS,"298 11th St, San Francisco",37.772,-122.414,NON-CRIMINAL,LOST PROPERTY
OASIS,"298 11th St, San Francisco",37.772,-122.414,LARCENY/THEFT,GRAND THEFT FROM LOCKED AUTO
OASIS,"298 11th St, San Francisco",37.772,-122.414,VANDALISM,"MALICIOUS MISCHIEF, VANDALISM"
OASIS,"298 11th St, San Francisco",37.772,-122.414,LARCENY/THEFT,GRAND THEFT FROM LOCKED AUTO
OASIS,"298 11th St, San Francisco",37.772,-122.414,LARCENY/THEFT,GRAND THEFT FROM LOCKED AUTO
OASIS,"298 11th St, San Francisco",37.772,-122.414,LARCENY/THEFT,PETTY THEFT OF PROPERTY
OASIS,"298 11th St, San Francisco",37.772,-122.414,LARCENY/THEFT,PETTY THEFT OF PROPERTY
OASIS,"298 11th St, San Francisco",37.772,-122.414,VANDALISM,"MALICIOUS MISCHIEF, VANDALISM"
OASIS,"298 11th St, San Francisco",37.772,-122.414,LARCENY/THEFT,PETTY THEFT OF PROPERTY
OASIS,"298 11th St, San Francisco",37.772,-122.414,LARCENY/THEFT,GRAND THEFT FROM LOCKED AUTO
OASIS,"298 11th St, San Francisco",37.772,-122.414,NON-CRIMINAL,LOST PROPERTY
OASIS,"298 11th St, San Francisco",37.772,-122.414,LARCENY/THEFT,GRAND THEFT FROM LOCKED AUTO
OASIS,"298 11th St, San Francisco",37.772,-122.414,LARCENY/THEFT,GRAND THEFT FROM LOCKED AUTO
OASIS,"298 11th St, San Francisco",37.772,-122.414,LARCENY/THEFT,PETTY THEFT OF PROPERTY
OASIS,"298 11th St, San Francisco",37.772,-122.414,LARCENY/THEFT,GRAND THEFT FROM UNLOCKED AUTO
OASIS,"298 11th St, San Francisco",37.772,-122.414,LARCENY/THEFT,GRAND THEFT FROM LOCKED AUTO
OASIS,"298 11th St, San Francisco",37.772,-122.414,LARCENY/THEFT,GRAND THEFT FROM LOCKED AUTO
OASIS,"298 11th St, San Francisco",37.772,-122.414,NON-CRIMINAL,LOST PROPERTY
OASIS,"298 11th St, San Francisco",37.772,-122.414,LARCENY/THEFT,GRAND THEFT FROM LOCKED AUTO
OASIS,"298 11th St, San Francisco",37.772,-122.414,LARCENY/THEFT,GRAND THEFT FROM UNLOCKED AUTO
OASIS,"298 11th St, San Francisco",37.772,-122.414,LARCENY/THEFT,PETTY THEFT OF PROPERTY
OASIS,"298 11th St, San Francisco",37.772,-122.414,LARCENY/THEFT,GRAND THEFT FROM LOCKED AUTO
OASIS,"298 11th St, San Francisco",37.772,-122.414,LARCENY/THEFT,PETTY THEFT OF PROPERTY
OASIS,"298 11th St, San Francisco",37.772,-122.414,LARCENY/THEFT,PETTY THEFT OF PROPERTY
OASIS,"298 11th St, San Francisco",37.772,-122.414,LARCENY/THEFT,GRAND THEFT OF PROPERTY
OASIS,"298 11th St, San Francisco",37.772,-122.414,LARCENY/THEFT,GRAND THEFT FROM UNLOCKED AUTO
OASIS,"298 11th St, San Francisco",37.772,-122.414,LARCENY/THEFT,GRAND THEFT FROM LOCKED AUTO
OASIS,"298 11th St, San Francisco",37.772,-122.414,LARCENY/THEFT,GRAND THEFT FROM LOCKED AUTO
OASIS,"298 11th St, San Francisco",37.772,-122.414,VANDALISM,"MALICIOUS MISCHIEF, VANDALISM"
OASIS,"298 11th St, San Francisco",37.772,-122.414,ASSAULT,BATTERY
OASIS,"298 11th St, San Francisco",37.772,-122.414,NON-CRIMINAL,TRAFFIC ACCIDENT
OASIS,"298 11th St, San Francisco",37.772,-122.414,ASSAULT,BATTERY
OASIS,"298 11th St, San Francisco",37.772,-122.414,ASSAULT,BATTERY
The Uptown Nightclub!,"1928 Telegraph Ave, Oakland",37.809,-122.27,,
Rouge Night Club,"1500 Broadway, San Francisco",37.796,-122.422,WARRANTS,WARRANT ARREST
Rouge Night Club,"1500 Broadway, San Francisco",37.796,-122.422,LARCENY/THEFT,PETTY THEFT BICYCLE
Rouge Night Club,"1500 Broadway, San Francisco",37.796,-122.422,VANDALISM,"MALICIOUS MISCHIEF, VANDALISM"
Rouge Night Club,"1500 Broadway, San Francisco",37.796,-122.422,LARCENY/THEFT,GRAND THEFT FROM LOCKED AUTO
Rouge Night Club,"1500 Broadway, San Francisco",37.796,-122.422,LARCENY/THEFT,GRAND THEFT OF PROPERTY
Rouge Night Club,"1500 Broadway, San Francisco",37.796,-122.422,NON-CRIMINAL,"AIDED CASE, MENTAL DISTURBED"
Rouge Night Club,"1500 Broadway, San Francisco",37.796,-122.422,DRUNKENNESS,UNDER INFLUENCE OF ALCOHOL IN A PUBLIC PLACE
Rouge Night Club,"1500 Broadway, San Francisco",37.796,-122.422,OTHER OFFENSES,RESISTING ARREST
Rouge Night Club,"1500 Broadway, San Francisco",37.796,-122.422,ASSAULT,BATTERY
Rouge Night Club,"1500 Broadway, San Francisco",37.796,-122.422,OTHER OFFENSES,MISCELLANEOUS INVESTIGATION
Rouge Night Club,"1500 Broadway, San Francisco",37.796,-122.422,ASSAULT,BATTERY
Rouge Night Club,"1500 Broadway, San Francisco",37.796,-122.422,ASSAULT,BATTERY
Rouge Night Club,"1500 Broadway, San Francisco",37.796,-122.422,VANDALISM,"MALICIOUS MISCHIEF, VANDALISM OF VEHICLES"
Rouge Night Club,"1500 Broadway, San Francisco",37.796,-122.422,VANDALISM,"MALICIOUS MISCHIEF, VANDALISM"
Rouge Night Club,"1500 Broadway, San Francisco",37.796,-122.422,OTHER OFFENSES,TRAFFIC VIOLATION ARREST
Rouge Night Club,"1500 Broadway, San Francisco",37.796,-122.422,VANDALISM,"MALICIOUS MISCHIEF, VANDALISM OF VEHICLES"
Rouge Night Club,"1500 Broadway, San Francisco",37.796,-122.422,LARCENY/THEFT,GRAND THEFT FROM PERSON
Rouge Night Club,"1500 Broadway, San Francisco",37.796,-122.422,LARCENY/THEFT,PETTY THEFT SHOPLIFTING
Rouge Night Club,"1500 Broadway, San Francisco",37.796,-122.422,FRAUD,"CREDIT CARD, THEFT BY USE OF"
Rouge Night Club,"1500 Broadway, San Francisco",37.796,-122.422,NON-CRIMINAL,LOST PROPERTY
Rouge Night Club,"1500 Broadway, San Francisco",37.796,-122.422,ASSAULT,BATTERY
Rouge Night Club,"1500 Broadway, San Francisco",37.796,-122.422,LARCENY/THEFT,GRAND THEFT FROM LOCKED AUTO
Rouge Night Club,"1500 Broadway, San Francisco",37.796,-122.422,NON-CRIMINAL,"AIDED CASE, DOG BITE"
Rouge Night Club,"1500 Broadway, San Francisco",37.796,-122.422,ROBBERY,"ROBBERY, BODILY FORCE"
Rouge Night Club,"1500 Broadway, San Francisco",37.796,-122.422,LARCENY/THEFT,GRAND THEFT FROM A BUILDING
Rouge Night Club,"1500 Broadway, San Francisco",37.796,-122.422,FRAUD,"CREDIT CARD, THEFT BY USE OF"
Rouge Night Club,"1500 Broadway, San Francisco",37.796,-122.422,LARCENY/THEFT,PETTY THEFT FROM A BUILDING
Rouge Night Club,"1500 Broadway, San Francisco",37.796,-122.422,BURGLARY,"BURGLARY, UNLAWFUL ENTRY"
Rouge Night Club,"1500 Broadway, San Francisco",37.796,-122.422,ASSAULT,BATTERY
Rouge Night Club,"1500 Broadway, San Francisco",37.796,-122.422,DISORDERLY CONDUCT,"DISTURBING THE PEACE, FIGHTING"
Rouge Night Club,"1500 Broadway, San Francisco",37.796,-122.422,DRUNKENNESS,UNDER INFLUENCE OF ALCOHOL IN A PUBLIC PLACE
Rouge Night Club,"1500 Broadway, San Francisco",37.796,-122.422,SUSPICIOUS OCC,INVESTIGATIVE DETENTION
Rouge Night Club,"1500 Broadway, San Francisco",37.796,-122.422,ASSAULT,BATTERY
Rouge Night Club,"1500 Broadway, San Francisco",37.796,-122.422,OTHER OFFENSES,VIOLATION OF RESTRAINING ORDER
Rouge Night Club,"1500 Broadway, San Francisco",37.796,-122.422,SECONDARY CODES,DOMESTIC VIOLENCE
Rouge Night Club,"1500 Broadway, San Francisco",37.796,-122.422,ASSAULT,FALSE IMPRISONMENT
Rouge Night Club,"1500 Broadway, San Francisco",37.796,-122.422,ASSAULT,INFLICT INJURY ON COHABITEE
Rouge Night Club,"1500 Broadway, San Francisco",37.796,-122.422,OTHER OFFENSES,"STAY AWAY ORDER VIOLATION, DV RELATED"
Rouge Night Club,"1500 Broadway, San Francisco",37.796,-122.422,FRAUD,"CREDIT CARD, THEFT BY USE OF"
Rouge Night Club,"1500 Broadway, San Francisco",37.796,-122.422,NON-CRIMINAL,SEARCH WARRANT SERVICE
Rouge Night Club,"1500 Broadway, San Francisco",37.796,-122.422,NON-CRIMINAL,"AIDED CASE, MENTAL DISTURBED"
Rouge Night Club,"1500 Broadway, San Francisco",37.796,-122.422,ASSAULT,"BATTERY, FORMER SPOUSE OR DATING RELATIONSHIP"
Rouge Night Club,"1500 Broadway, San Francisco",37.796,-122.422,LARCENY/THEFT,GRAND THEFT FROM PERSON
Rouge Night Club,"1500 Broadway, San Francisco",37.796,-122.422,LARCENY/THEFT,PETTY THEFT FROM A BUILDING
Rouge Night Club,"1500 Broadway, San Francisco",37.796,-122.422,WEAPON LAWS,EXHIBITING DEADLY WEAPON IN A THREATING MANNER
Rouge Night Club,"1500 Broadway, San Francisco",37.796,-122.422,OTHER OFFENSES,VIOLATION OF STAY AWAY ORDER
Rouge Night Club,"1500 Broadway, San Francisco",37.796,-122.422,ASSAULT,THREATS AGAINST LIFE
Rouge Night Club,"1500 Broadway, San Francisco",37.796,-122.422,FRAUD,"CREDIT CARD, THEFT BY USE OF"
Rouge Night Club,"1500 Broadway, San Francisco",37.796,-122.422,LARCENY/THEFT,"LOST PROPERTY, PETTY THEFT"
Rouge Night Club,"1500 Broadway, San Francisco",37.796,-122.422,ASSAULT,"BATTERY, FORMER SPOUSE OR DATING RELATIONSHIP"
Rouge Night Club,"1500 Broadway, San Francisco",37.796,-122.422,ASSAULT,FALSE IMPRISONMENT
Rouge Night Club,"1500 Broadway, San Francisco",37.796,-122.422,BURGLARY,"BURGLARY OF APARTMENT HOUSE, FORCIBLE ENTRY"
Rouge Night Club,"1500 Broadway, San Francisco",37.796,-122.422,OTHER OFFENSES,"STAY AWAY ORDER VIOLATION, DV RELATED"
Rouge Night Club,"1500 Broadway, San Francisco",37.796,-122.422,OTHER OFFENSES,PROBATION VIOLATION
Rouge Night Club,"1500 Broadway, San Francisco",37.796,-122.422,ROBBERY,"ROBBERY, BODILY FORCE"
Rouge Night Club,"1500 Broadway, San Francisco",37.796,-122.422,ASSAULT,BATTERY
Rouge Night Club,"1500 Broadway, San Francisco",37.796,-122.422,VANDALISM,"MALICIOUS MISCHIEF, VANDALISM"
Rouge Night Club,"1500 Broadway, San Francisco",37.796,-122.422,DRUG/NARCOTIC,POSSESSION OF METH-AMPHETAMINE
Rouge Night Club,"1500 Broadway, San Francisco",37.796,-122.422,OTHER OFFENSES,PROBATION VIOLATION
Rouge Night Club,"1500 Broadway, San Francisco",37.796,-122.422,WARRANTS,WARRANT ARREST
Rouge Night Club,"1500 Broadway, San Francisco",37.796,-122.422,NON-CRIMINAL,FOUND PROPERTY
Rouge Night Club,"1500 Broadway, San Francisco",37.796,-122.422,ASSAULT,BATTERY OF A POLICE OFFICER
Rouge Night Club,"1500 Broadway, San Francisco",37.796,-122.422,DRUNKENNESS,UNDER INFLUENCE OF ALCOHOL IN A PUBLIC PLACE
Rouge Night Club,"1500 Broadway, San Francisco",37.796,-122.422,OTHER OFFENSES,PROBATION VIOLATION
Rouge Night Club,"1500 Broadway, San Francisco",37.796,-122.422,OTHER OFFENSES,RESISTING ARREST
Rouge Night Club,"1500 Broadway, San Francisco",37.796,-122.422,LARCENY/THEFT,GRAND THEFT FROM LOCKED AUTO
Rouge Night Club,"1500 Broadway, San Francisco",37.796,-122.422,NON-CRIMINAL,LOST PROPERTY
Rouge Night Club,"1500 Broadway, San Francisco",37.796,-122.422,LARCENY/THEFT,GRAND THEFT FROM LOCKED AUTO
Rouge Night Club,"1500 Broadway, San Francisco",37.796,-122.422,LARCENY/THEFT,GRAND THEFT FROM LOCKED AUTO
Rouge Night Club,"1500 Broadway, San Francisco",37.796,-122.422,NON-CRIMINAL,LOST PROPERTY
Rouge Night Club,"1500 Broadway, San Francisco",37.796,-122.422,LARCENY/THEFT,PETTY THEFT OF PROPERTY
Rouge Night Club,"1500 Broadway, San Francisco",37.796,-122.422,LARCENY/THEFT,GRAND THEFT FROM LOCKED AUTO
Rouge Night Club,"1500 Broadway, San Francisco",37.796,-122.422,LARCENY/THEFT,GRAND THEFT FROM LOCKED AUTO
Rouge Night Club,"1500 Broadway, San Francisco",37.796,-122.422,LARCENY/THEFT,PETTY THEFT OF PROPERTY
Rouge Night Club,"1500 Broadway, San Francisco",37.796,-122.422,LARCENY/THEFT,GRAND THEFT FROM LOCKED AUTO
Rouge Night Club,"1500 Broadway, San Francisco",37.796,-122.422,LARCENY/THEFT,GRAND THEFT FROM LOCKED AUTO
Rouge Night Club,"1500 Broadway, San Francisco",37.796,-122.422,NON-CRIMINAL,FOUND PROPERTY
Rouge Night Club,"1500 Broadway, San Francisco",37.796,-122.422,LARCENY/THEFT,GRAND THEFT FROM LOCKED AUTO
Rouge Night Club,"1500 Broadway, San Francisco",37.796,-122.422,LARCENY/THEFT,GRAND THEFT FROM LOCKED AUTO
Rouge Night Club,"1500 Broadway, San Francisco",37.796,-122.422,LARCENY/THEFT,GRAND THEFT OF PROPERTY
Rouge Night Club,"1500 Broadway, San Francisco",37.796,-122.422,NON-CRIMINAL,LOST PROPERTY
Rouge Night Club,"1500 Broadway, San Francisco",37.796,-122.422,LARCENY/THEFT,PETTY THEFT OF PROPERTY
Rouge Night Club,"1500 Broadway, San Francisco",37.796,-122.422,NON-CRIMINAL,LOST PROPERTY
City Nights,"715 Harrison St, San Francisco",37.782,-122.398,MISSING PERSON,MISSING ADULT
City Nights,"715 Harrison St, San Francisco",37.782,-122.398,MISSING PERSON,FOUND PERSON
City Nights,"715 Harrison St, San Francisco",37.782,-122.398,DRUNKENNESS,UNDER INFLUENCE OF ALCOHOL IN A PUBLIC PLACE
City Nights,"715 Harrison St, San Francisco",37.782,-122.398,LARCENY/THEFT,GRAND THEFT FROM LOCKED AUTO
City Nights,"715 Harrison St, San Francisco",37.782,-122.398,NON-CRIMINAL,LOST PROPERTY
City Nights,"715 Harrison St, San Francisco",37.782,-122.398,BURGLARY,"BURGLARY, VEHICLE (ARREST MADE)"
City Nights,"715 Harrison St, San Francisco",37.782,-122.398,STOLEN PROPERTY,"STOLEN PROPERTY, POSSESSION WITH KNOWLEDGE, RECEIVING"
City Nights,"715 Harrison St, San Francisco",37.782,-122.398,OTHER OFFENSES,RESISTING ARREST
City Nights,"715 Harrison St, San Francisco",37.782,-122.398,OTHER OFFENSES,"DRIVERS LICENSE, SUSPENDED OR REVOKED"
City Nights,"715 Harrison St, San Francisco",37.782,-122.398,LARCENY/THEFT,PETTY THEFT FROM LOCKED AUTO
City Nights,"715 Harrison St, San Francisco",37.782,-122.398,FRAUD,"CREDIT CARD, THEFT BY USE OF"
City Nights,"715 Harrison St, San Francisco",37.782,-122.398,BURGLARY,"BURGLARY, VEHICLE (ARREST MADE)"
City Nights,"715 Harrison St, San Francisco",37.782,-122.398,OTHER OFFENSES,POSSESSION OF BURGLARY TOOLS
City Nights,"715 Harrison St, San Francisco",37.782,-122.398,LARCENY/THEFT,PETTY THEFT FROM LOCKED AUTO
City Nights,"715 Harrison St, San Francisco",37.782,-122.398,LARCENY/THEFT,PETTY THEFT FROM LOCKED AUTO
City Nights,"715 Harrison St, San Francisco",37.782,-122.398,LARCENY/THEFT,GRAND THEFT PICKPOCKET
City Nights,"715 Harrison St, San Francisco",37.782,-122.398,LARCENY/THEFT,PETTY THEFT FROM LOCKED AUTO
City Nights,"715 Harrison St, San Francisco",37.782,-122.398,VANDALISM,"MALICIOUS MISCHIEF, VANDALISM"
City Nights,"715 Harrison St, San Francisco",37.782,-122.398,NON-CRIMINAL,AIDED CASE
City Nights,"715 Harrison St, San Francisco",37.782,-122.398,VEHICLE THEFT,STOLEN AUTOMOBILE
City Nights,"715 Harrison St, San Francisco",37.782,-122.398,NON-CRIMINAL,LOST PROPERTY
City Nights,"715 Harrison St, San Francisco",37.782,-122.398,LARCENY/THEFT,PETTY THEFT FROM LOCKED AUTO
City Nights,"715 Harrison St, San Francisco",37.782,-122.398,LARCENY/THEFT,GRAND THEFT FROM PERSON
City Nights,"715 Harrison St, San Francisco",37.782,-122.398,OTHER OFFENSES,PROBATION VIOLATION
City Nights,"715 Harrison St, San Francisco",37.782,-122.398,LARCENY/THEFT,GRAND THEFT FROM PERSON
City Nights,"715 Harrison St, San Francisco",37.782,-122.398,VEHICLE THEFT,STOLEN AUTOMOBILE
City Nights,"715 Harrison St, San Francisco",37.782,-122.398,NON-CRIMINAL,"AIDED CASE, MENTAL DISTURBED"
City Nights,"715 Harrison St, San Francisco",37.782,-122.398,TRESPASS,TRESPASSING
City Nights,"715 Harrison St, San Francisco",37.782,-122.398,LARCENY/THEFT,PETTY THEFT FROM LOCKED AUTO
City Nights,"715 Harrison St, San Francisco",37.782,-122.398,LARCENY/THEFT,GRAND THEFT FROM LOCKED AUTO
City Nights,"715 Harrison St, San Francisco",37.782,-122.398,LARCENY/THEFT,PETTY THEFT FROM LOCKED AUTO
City Nights,"715 Harrison St, San Francisco",37.782,-122.398,VEHICLE THEFT,STOLEN AUTOMOBILE
City Nights,"715 Harrison St, San Francisco",37.782,-122.398,WEAPON LAWS,POSS OF LOADED FIREARM
City Nights,"715 Harrison St, San Francisco",37.782,-122.398,WEAPON LAWS,"FIREARM, LOADED, IN VEHICLE, POSSESSION OR USE"
City Nights,"715 Harrison St, San Francisco",37.782,-122.398,VEHICLE THEFT,STOLEN AND RECOVERED VEHICLE
City Nights,"715 Harrison St, San Francisco",37.782,-122.398,VEHICLE THEFT,STOLEN AUTOMOBILE
City Nights,"715 Harrison St, San Francisco",37.782,-122.398,OTHER OFFENSES,"DRIVERS LICENSE, SUSPENDED OR REVOKED"
City Nights,"715 Harrison St, San Francisco",37.782,-122.398,VANDALISM,"MALICIOUS MISCHIEF, VANDALISM OF VEHICLES"
City Nights,"715 Harrison St, San Francisco",37.782,-122.398,NON-CRIMINAL,AIDED CASE
City Nights,"715 Harrison St, San Francisco",37.782,-122.398,VEHICLE THEFT,STOLEN AND RECOVERED VEHICLE
City Nights,"715 Harrison St, San Francisco",37.782,-122.398,VEHICLE THEFT,STOLEN AUTOMOBILE
City Nights,"715 Harrison St, San Francisco",37.782,-122.398,ASSAULT,BATTERY
City Nights,"715 Harrison St, San Francisco",37.782,-122.398,ASSAULT,BATTERY
City Nights,"715 Harrison St, San Francisco",37.782,-122.398,VEHICLE THEFT,STOLEN AUTOMOBILE
City Nights,"715 Harrison St, San Francisco",37.782,-122.398,ASSAULT,BATTERY
City Nights,"715 Harrison St, San Francisco",37.782,-122.398,NON-CRIMINAL,LOST PROPERTY
City Nights,"715 Harrison St, San Francisco",37.782,-122.398,ASSAULT,BATTERY
City Nights,"715 Harrison St, San Francisco",37.782,-122.398,LARCENY/THEFT,PETTY THEFT FROM LOCKED AUTO
City Nights,"715 Harrison St, San Francisco",37.782,-122.398,LARCENY/THEFT,GRAND THEFT PICKPOCKET
City Nights,"715 Harrison St, San Francisco",37.782,-122.398,OTHER OFFENSES,TRAFFIC VIOLATION ARREST
City Nights,"715 Harrison St, San Francisco",37.782,-122.398,OTHER OFFENSES,TRAFFIC VIOLATION
City Nights,"715 Harrison St, San Francisco",37.782,-122.398,NON-CRIMINAL,LOST PROPERTY
City Nights,"715 Harrison St, San Francisco",37.782,-122.398,LARCENY/THEFT,PETTY THEFT OF PROPERTY
City Nights,"715 Harrison St, San Francisco",37.782,-122.398,LARCENY/THEFT,PETTY THEFT OF PROPERTY
City Nights,"715 Harrison St, San Francisco",37.782,-122.398,LARCENY/THEFT,GRAND THEFT FROM LOCKED AUTO
City Nights,"715 Harrison St, San Francisco",37.782,-122.398,LARCENY/THEFT,GRAND THEFT FROM LOCKED AUTO
City Nights,"715 Harrison St, San Francisco",37.782,-122.398,LARCENY/THEFT,PETTY THEFT OF PROPERTY
City Nights,"715 Harrison St, San Francisco",37.782,-122.398,LARCENY/THEFT,PETTY THEFT OF PROPERTY
City Nights,"715 Harrison St, San Francisco",37.782,-122.398,LARCENY/THEFT,PETTY THEFT OF PROPERTY
City Nights,"715 Harrison St, San Francisco",37.782,-122.398,LARCENY/THEFT,PETTY THEFT OF PROPERTY
City Nights,"715 Harrison St, San Francisco",37.782,-122.398,LARCENY/THEFT,GRAND THEFT FROM LOCKED AUTO
City Nights,"715 Harrison St, San Francisco",37.782,-122.398,LARCENY/THEFT,PETTY THEFT OF PROPERTY
City Nights,"715 Harrison St, San Francisco",37.782,-122.398,LARCENY/THEFT,PETTY THEFT OF PROPERTY
City Nights,"715 Harrison St, San Francisco",37.782,-122.398,LARCENY/THEFT,GRAND THEFT FROM LOCKED AUTO
City Nights,"715 Harrison St, San Francisco",37.782,-122.398,LARCENY/THEFT,PETTY THEFT OF PROPERTY
City Nights,"715 Harrison St, San Francisco",37.782,-122.398,LARCENY/THEFT,PETTY THEFT OF PROPERTY
City Nights,"715 Harrison St, San Francisco",37.782,-122.398,LARCENY/THEFT,PETTY THEFT OF PROPERTY
City Nights,"715 Harrison St, San Francisco",37.782,-122.398,VEHICLE THEFT,STOLEN TRUCK
City Nights,"715 Harrison St, San Francisco",37.782,-122.398,LARCENY/THEFT,GRAND THEFT FROM LOCKED AUTO
City Nights,"715 Harrison St, San Francisco",37.782,-122.398,LARCENY/THEFT,GRAND THEFT FROM LOCKED AUTO
City Nights,"715 Harrison St, San Francisco",37.782,-122.398,LARCENY/THEFT,GRAND THEFT FROM LOCKED AUTO
City Nights,"715 Harrison St, San Francisco",37.782,-122.398,LARCENY/THEFT,GRAND THEFT FROM LOCKED AUTO
City Nights,"715 Harrison St, San Francisco",37.782,-122.398,ASSAULT,AGGRAVATED ASSAULT WITH A DEADLY WEAPON
City Nights,"715 Harrison St, San Francisco",37.782,-122.398,LARCENY/THEFT,PETTY THEFT OF PROPERTY
City Nights,"715 Harrison St, San Francisco",37.782,-122.398,LARCENY/THEFT,GRAND THEFT FROM LOCKED AUTO
City Nights,"715 Harrison St, San Francisco",37.782,-122.398,LARCENY/THEFT,GRAND THEFT FROM LOCKED AUTO
City Nights,"715 Harrison St, San Francisco",37.782,-122.398,FRAUD,"CREDIT CARD, THEFT BY USE OF"
City Nights,"715 Harrison St, San Francisco",37.782,-122.398,LARCENY/THEFT,GRAND THEFT FROM LOCKED AUTO
City Nights,"715 Harrison St, San Francisco",37.782,-122.398,SUSPICIOUS OCC,INVESTIGATIVE DETENTION
City Nights,"715 Harrison St, San Francisco",37.782,-122.398,NON-CRIMINAL,LOST PROPERTY
City Nights,"715 Harrison St, San Francisco",37.782,-122.398,LARCENY/THEFT,GRAND THEFT FROM PERSON
City Nights,"715 Harrison St, San Francisco",37.782,-122.398,VEHICLE THEFT,STOLEN AUTOMOBILE
City Nights,"715 Harrison St, San Francisco",37.782,-122.398,LARCENY/THEFT,PETTY THEFT FROM LOCKED AUTO
City Nights,"715 Harrison St, San Francisco",37.782,-122.398,LARCENY/THEFT,PETTY THEFT FROM LOCKED AUTO
City Nights,"715 Harrison St, San Francisco",37.782,-122.398,LARCENY/THEFT,PETTY THEFT OF PROPERTY
City Nights,"715 Harrison St, San Francisco",37.782,-122.398,VANDALISM,"MALICIOUS MISCHIEF, VANDALISM"
City Nights,"715 Harrison St, San Francisco",37.782,-122.398,LARCENY/THEFT,GRAND THEFT OF PROPERTY
City Nights,"715 Harrison St, San Francisco",37.782,-122.398,NON-CRIMINAL,LOST PROPERTY
ENSO Bar & Nightclub,"97 E Santa Clara St, San Jose",37.337,-121.889,,
Love + Propaganda,"85 Campton Pl, San Francisco",37.789,-122.407,NON-CRIMINAL,"AIDED CASE, MENTAL DISTURBED"
Love + Propaganda,"85 Campton Pl, San Francisco",37.789,-122.407,LARCENY/THEFT,GRAND THEFT FROM PERSON
Love + Propaganda,"85 Campton Pl, San Francisco",37.789,-122.407,"SEX OFFENSES, FORCIBLE",SEXUAL BATTERY
Love + Propaganda,"85 Campton Pl, San Francisco",37.789,-122.407,FRAUD,"CREDIT CARD, THEFT BY USE OF"
Love + Propaganda,"85 Campton Pl, San Francisco",37.789,-122.407,NON-CRIMINAL,LOST PROPERTY
Love + Propaganda,"85 Campton Pl, San Francisco",37.789,-122.407,LARCENY/THEFT,GRAND THEFT PICKPOCKET
Love + Propaganda,"85 Campton Pl, San Francisco",37.789,-122.407,LARCENY/THEFT,GRAND THEFT PICKPOCKET
Love + Propaganda,"85 Campton Pl, San Francisco",37.789,-122.407,FRAUD,"CREDIT CARD, THEFT BY USE OF"
Love + Propaganda,"85 Campton Pl, San Francisco",37.789,-122.407,LARCENY/THEFT,GRAND THEFT FROM PERSON
Love + Propaganda,"85 Campton Pl, San Francisco",37.789,-122.407,NON-CRIMINAL,LOST PROPERTY
Love + Propaganda,"85 Campton Pl, San Francisco",37.789,-122.407,LARCENY/THEFT,GRAND THEFT PICKPOCKET
Love + Propaganda,"85 Campton Pl, San Francisco",37.789,-122.407,"SEX OFFENSES, FORCIBLE",SEXUAL BATTERY
Love + Propaganda,"85 Campton Pl, San Francisco",37.789,-122.407,LARCENY/THEFT,PETTY THEFT SHOPLIFTING
Love + Propaganda,"85 Campton Pl, San Francisco",37.789,-122.407,ASSAULT,BATTERY
Love + Propaganda,"85 Campton Pl, San Francisco",37.789,-122.407,VEHICLE THEFT,STOLEN AUTOMOBILE
Love + Propaganda,"85 Campton Pl, San Francisco",37.789,-122.407,NON-CRIMINAL,"AIDED CASE, MENTAL DISTURBED"
Love + Propaganda,"85 Campton Pl, San Francisco",37.789,-122.407,LARCENY/THEFT,PETTY THEFT FROM A BUILDING
Love + Propaganda,"85 Campton Pl, San Francisco",37.789,-122.407,LARCENY/THEFT,GRAND THEFT FROM PERSON
Love + Propaganda,"85 Campton Pl, San Francisco",37.789,-122.407,NON-CRIMINAL,AIDED CASE
Love + Propaganda,"85 Campton Pl, San Francisco",37.789,-122.407,OTHER OFFENSES,TRAFFIC VIOLATION
Love + Propaganda,"85 Campton Pl, San Francisco",37.789,-122.407,DRUNKENNESS,UNDER INFLUENCE OF ALCOHOL IN A PUBLIC PLACE
Love + Propaganda,"85 Campton Pl, San Francisco",37.789,-122.407,ROBBERY,"ROBBERY, BODILY FORCE"
Love + Propaganda,"85 Campton Pl, San Francisco",37.789,-122.407,LARCENY/THEFT,GRAND THEFT PICKPOCKET
Love + Propaganda,"85 Campton Pl, San Francisco",37.789,-122.407,LARCENY/THEFT,GRAND THEFT PICKPOCKET
Love + Propaganda,"85 Campton Pl, San Francisco",37.789,-122.407,NON-CRIMINAL,FOUND PROPERTY
Love + Propaganda,"85 Campton Pl, San Francisco",37.789,-122.407,LARCENY/THEFT,GRAND THEFT PICKPOCKET
Love + Propaganda,"85 Campton Pl, San Francisco",37.789,-122.407,NON-CRIMINAL,FOUND PROPERTY
Love + Propaganda,"85 Campton Pl, San Francisco",37.789,-122.407,SUSPICIOUS OCC,SUSPICIOUS OCCURRENCE
Love + Propaganda,"85 Campton Pl, San Francisco",37.789,-122.407,TRESPASS,TRESPASSING
Love + Propaganda,"85 Campton Pl, San Francisco",37.789,-122.407,OTHER OFFENSES,VIOLATION OF MUNICIPAL POLICE CODE
Love + Propaganda,"85 Campton Pl, San Francisco",37.789,-122.407,WARRANTS,ENROUTE TO OUTSIDE JURISDICTION
Love + Propaganda,"85 Campton Pl, San Francisco",37.789,-122.407,LARCENY/THEFT,PETTY THEFT SHOPLIFTING
Love + Propaganda,"85 Campton Pl, San Francisco",37.789,-122.407,BURGLARY,"BURGLARY OF HOTEL ROOM, UNLAWFUL ENTRY"
Love + Propaganda,"85 Campton Pl, San Francisco",37.789,-122.407,BURGLARY,"BURGLARY, UNLAWFUL ENTRY"
Love + Propaganda,"85 Campton Pl, San Francisco",37.789,-122.407,LARCENY/THEFT,GRAND THEFT PICKPOCKET
Love + Propaganda,"85 Campton Pl, San Francisco",37.789,-122.407,ASSAULT,BATTERY
Love + Propaganda,"85 Campton Pl, San Francisco",37.789,-122.407,LARCENY/THEFT,PETTY THEFT FROM UNLOCKED AUTO
Love + Propaganda,"85 Campton Pl, San Francisco",37.789,-122.407,SUSPICIOUS OCC,INVESTIGATIVE DETENTION
Love + Propaganda,"85 Campton Pl, San Francisco",37.789,-122.407,FRAUD,"CREDIT CARD, THEFT BY USE OF"
Love + Propaganda,"85 Campton Pl, San Francisco",37.789,-122.407,NON-CRIMINAL,LOST PROPERTY
Love + Propaganda,"85 Campton Pl, San Francisco",37.789,-122.407,NON-CRIMINAL,"AIDED CASE, MENTAL DISTURBED"
Love + Propaganda,"85 Campton Pl, San Francisco",37.789,-122.407,ROBBERY,"ROBBERY, BODILY FORCE"
Love + Propaganda,"85 Campton Pl, San Francisco",37.789,-122.407,LARCENY/THEFT,PETTY THEFT OF PROPERTY
Love + Propaganda,"85 Campton Pl, San Francisco",37.789,-122.407,OTHER OFFENSES,LOST/STOLEN LICENSE PLATE
Love + Propaganda,"85 Campton Pl, San Francisco",37.789,-122.407,NON-CRIMINAL,"LICENSE PLATE, RECOVERED"
Love + Propaganda,"85 Campton Pl, San Francisco",37.789,-122.407,NON-CRIMINAL,"LICENSE PLATE, FOUND"
Love + Propaganda,"85 Campton Pl, San Francisco",37.789,-122.407,OTHER OFFENSES,FALSE PERSONATION TO RECEIVE MONEY OR PROPERTY
Love + Propaganda,"85 Campton Pl, San Francisco",37.789,-122.407,FRAUD,"CREDIT CARD, THEFT BY USE OF"
Love + Propaganda,"85 Campton Pl, San Francisco",37.789,-122.407,LARCENY/THEFT,GRAND THEFT PICKPOCKET
Love + Propaganda,"85 Campton Pl, San Francisco",37.789,-122.407,LARCENY/THEFT,PETTY THEFT FROM LOCKED AUTO
Love + Propaganda,"85 Campton Pl, San Francisco",37.789,-122.407,SECONDARY CODES,JUVENILE INVOLVED
Love + Propaganda,"85 Campton Pl, San Francisco",37.789,-122.407,WARRANTS,ENROUTE TO OUTSIDE JURISDICTION
Love + Propaganda,"85 Campton Pl, San Francisco",37.789,-122.407,MISSING PERSON,FOUND PERSON
Love + Propaganda,"85 Campton Pl, San Francisco",37.789,-122.407,BURGLARY,"BURGLARY OF HOTEL ROOM, UNLAWFUL ENTRY"
Love + Propaganda,"85 Campton Pl, San Francisco",37.789,-122.407,LARCENY/THEFT,PETTY THEFT FROM LOCKED AUTO
Love + Propaganda,"85 Campton Pl, San Francisco",37.789,-122.407,VANDALISM,"MALICIOUS MISCHIEF, VANDALISM OF VEHICLES"
Love + Propaganda,"85 Campton Pl, San Francisco",37.789,-122.407,LARCENY/THEFT,GRAND THEFT FROM PERSON
Love + Propaganda,"85 Campton Pl, San Francisco",37.789,-122.407,FRAUD,"CREDIT CARD, THEFT BY USE OF"
Love + Propaganda,"85 Campton Pl, San Francisco",37.789,-122.407,LARCENY/THEFT,GRAND THEFT PICKPOCKET
Love + Propaganda,"85 Campton Pl, San Francisco",37.789,-122.407,LARCENY/THEFT,GRAND THEFT PICKPOCKET
Love + Propaganda,"85 Campton Pl, San Francisco",37.789,-122.407,LARCENY/THEFT,GRAND THEFT FROM LOCKED AUTO
Love + Propaganda,"85 Campton Pl, San Francisco",37.789,-122.407,"SEX OFFENSES, FORCIBLE",SEXUAL BATTERY
Love + Propaganda,"85 Campton Pl, San Francisco",37.789,-122.407,ASSAULT,FALSE IMPRISONMENT
Love + Propaganda,"85 Campton Pl, San Francisco",37.789,-122.407,"SEX OFFENSES, FORCIBLE",SODOMY (ADULT VICTIM)
Love + Propaganda,"85 Campton Pl, San Francisco",37.789,-122.407,WARRANTS,ENROUTE TO OUTSIDE JURISDICTION
Love + Propaganda,"85 Campton Pl, San Francisco",37.789,-122.407,LARCENY/THEFT,GRAND THEFT FROM PERSON
Love + Propaganda,"85 Campton Pl, San Francisco",37.789,-122.407,FRAUD,FRAUDULENT USE OF AUTOMATED TELLER CARD
Love + Propaganda,"85 Campton Pl, San Francisco",37.789,-122.407,NON-CRIMINAL,FOUND PROPERTY
Love + Propaganda,"85 Campton Pl, San Francisco",37.789,-122.407,LARCENY/THEFT,GRAND THEFT FROM PERSON
Love + Propaganda,"85 Campton Pl, San Francisco",37.789,-122.407,FRAUD,"CREDIT CARD, THEFT BY USE OF"
Love + Propaganda,"85 Campton Pl, San Francisco",37.789,-122.407,LARCENY/THEFT,PETTY THEFT SHOPLIFTING
Love + Propaganda,"85 Campton Pl, San Francisco",37.789,-122.407,NON-CRIMINAL,LOST PROPERTY
Love + Propaganda,"85 Campton Pl, San Francisco",37.789,-122.407,DRUG/NARCOTIC,POSSESSION OF NARCOTICS PARAPHERNALIA
Love + Propaganda,"85 Campton Pl, San Francisco",37.789,-122.407,BURGLARY,"BURGLARY OF HOTEL ROOM, UNLAWFUL ENTRY"
Love + Propaganda,"85 Campton Pl, San Francisco",37.789,-122.407,SUSPICIOUS OCC,SUSPICIOUS OCCURRENCE
Love + Propaganda,"85 Campton Pl, San Francisco",37.789,-122.407,LARCENY/THEFT,"LOST PROPERTY, PETTY THEFT"
Love + Propaganda,"85 Campton Pl, San Francisco",37.789,-122.407,LARCENY/THEFT,GRAND THEFT SHOPLIFTING
Love + Propaganda,"85 Campton Pl, San Francisco",37.789,-122.407,WEAPON LAWS,EXHIBITING DEADLY WEAPON IN A THREATING MANNER
Love + Propaganda,"85 Campton Pl, San Francisco",37.789,-122.407,LARCENY/THEFT,PETTY THEFT FROM A BUILDING
Love + Propaganda,"85 Campton Pl, San Francisco",37.789,-122.407,BURGLARY,"BURGLARY OF HOTEL ROOM, UNLAWFUL ENTRY"
Love + Propaganda,"85 Campton Pl, San Francisco",37.789,-122.407,ASSAULT,FALSE IMPRISONMENT
Love + Propaganda,"85 Campton Pl, San Francisco",37.789,-122.407,LARCENY/THEFT,GRAND THEFT PICKPOCKET
Love + Propaganda,"85 Campton Pl, San Francisco",37.789,-122.407,OTHER OFFENSES,VIOLATION OF STAY AWAY ORDER
Love + Propaganda,"85 Campton Pl, San Francisco",37.789,-122.407,WARRANTS,WARRANT ARREST
Love + Propaganda,"85 Campton Pl, San Francisco",37.789,-122.407,LARCENY/THEFT,GRAND THEFT PICKPOCKET
Love + Propaganda,"85 Campton Pl, San Francisco",37.789,-122.407,FRAUD,"CREDIT CARD, THEFT BY USE OF"
Love + Propaganda,"85 Campton Pl, San Francisco",37.789,-122.407,LARCENY/THEFT,GRAND THEFT FROM LOCKED AUTO
Love + Propaganda,"85 Campton Pl, San Francisco",37.789,-122.407,VEHICLE THEFT,STOLEN AND RECOVERED VEHICLE
Love + Propaganda,"85 Campton Pl, San Francisco",37.789,-122.407,VEHICLE THEFT,STOLEN AUTOMOBILE
Love + Propaganda,"85 Campton Pl, San Francisco",37.789,-122.407,LARCENY/THEFT,GRAND THEFT BICYCLE
Love + Propaganda,"85 Campton Pl, San Francisco",37.789,-122.407,LARCENY/THEFT,GRAND THEFT PICKPOCKET
Love + Propaganda,"85 Campton Pl, San Francisco",37.789,-122.407,OTHER OFFENSES,TRAFFIC VIOLATION
Love + Propaganda,"85 Campton Pl, San Francisco",37.789,-122.407,OTHER OFFENSES,VIOLATION OF MUNICIPAL CODE
Love + Propaganda,"85 Campton Pl, San Francisco",37.789,-122.407,WARRANTS,ENROUTE TO OUTSIDE JURISDICTION
Love + Propaganda,"85 Campton Pl, San Francisco",37.789,-122.407,ASSAULT,BATTERY
Love + Propaganda,"85 Campton Pl, San Francisco",37.789,-122.407,LARCENY/THEFT,PETTY THEFT OF PROPERTY
Love + Propaganda,"85 Campton Pl, San Francisco",37.789,-122.407,LARCENY/THEFT,GRAND THEFT OF PROPERTY
Love + Propaganda,"85 Campton Pl, San Francisco",37.789,-122.407,LARCENY/THEFT,PETTY THEFT OF PROPERTY
Love + Propaganda,"85 Campton Pl, San Francisco",37.789,-122.407,LARCENY/THEFT,GRAND THEFT FROM LOCKED AUTO
Love + Propaganda,"85 Campton Pl, San Francisco",37.789,-122.407,VANDALISM,"MALICIOUS MISCHIEF, VANDALISM"
Love + Propaganda,"85 Campton Pl, San Francisco",37.789,-122.407,LARCENY/THEFT,GRAND THEFT FROM LOCKED AUTO
Love + Propaganda,"85 Campton Pl, San Francisco",37.789,-122.407,LARCENY/THEFT,GRAND THEFT FROM LOCKED AUTO
Love + Propaganda,"85 Campton Pl, San Francisco",37.789,-122.407,LARCENY/THEFT,GRAND THEFT OF PROPERTY
Love + Propaganda,"85 Campton Pl, San Francisco",37.789,-122.407,LARCENY/THEFT,PETTY THEFT OF PROPERTY
Love + Propaganda,"85 Campton Pl, San Francisco",37.789,-122.407,NON-CRIMINAL,LOST PROPERTY
Love + Propaganda,"85 Campton Pl, San Francisco",37.789,-122.407,LARCENY/THEFT,PETTY THEFT BICYCLE
Love + Propaganda,"85 Campton Pl, San Francisco",37.789,-122.407,LARCENY/THEFT,GRAND THEFT FROM LOCKED AUTO
Love + Propaganda,"85 Campton Pl, San Francisco",37.789,-122.407,LARCENY/THEFT,GRAND THEFT FROM LOCKED AUTO
Love + Propaganda,"85 Campton Pl, San Francisco",37.789,-122.407,LARCENY/THEFT,GRAND THEFT OF PROPERTY
Love + Propaganda,"85 Campton Pl, San Francisco",37.789,-122.407,LARCENY/THEFT,GRAND THEFT FROM LOCKED AUTO
Love + Propaganda,"85 Campton Pl, San Francisco",37.789,-122.407,LARCENY/THEFT,GRAND THEFT FROM LOCKED AUTO
Love + Propaganda,"85 Campton Pl, San Francisco",37.789,-122.407,LARCENY/THEFT,GRAND THEFT FROM LOCKED AUTO
Love + Propaganda,"85 Campton Pl, San Francisco",37.789,-122.407,LARCENY/THEFT,GRAND THEFT FROM LOCKED AUTO
Love + Propaganda,"85 Campton Pl, San Francisco",37.789,-122.407,LARCENY/THEFT,PETTY THEFT OF PROPERTY
Love + Propaganda,"85 Campton Pl, San Francisco",37.789,-122.407,LARCENY/THEFT,GRAND THEFT OF PROPERTY
Love + Propaganda,"85 Campton Pl, San Francisco",37.789,-122.407,LARCENY/THEFT,GRAND THEFT FROM LOCKED AUTO
Love + Propaganda,"85 Campton Pl, San Francisco",37.789,-122.407,LARCENY/THEFT,PETTY THEFT OF PROPERTY
Love + Propaganda,"85 Campton Pl, San Francisco",37.789,-122.407,LARCENY/THEFT,PETTY THEFT OF PROPERTY
Love + Propaganda,"85 Campton Pl, San Francisco",37.789,-122.407,LARCENY/THEFT,PETTY THEFT OF PROPERTY
Love + Propaganda,"85 Campton Pl, San Francisco",37.789,-122.407,LARCENY/THEFT,GRAND THEFT OF PROPERTY
Love + Propaganda,"85 Campton Pl, San Francisco",37.789,-122.407,LARCENY/THEFT,GRAND THEFT FROM PERSON
Love + Propaganda,"85 Campton Pl, San Francisco",37.789,-122.407,LARCENY/THEFT,PETTY THEFT OF PROPERTY
Love + Propaganda,"85 Campton Pl, San Francisco",37.789,-122.407,LARCENY/THEFT,PETTY THEFT OF PROPERTY
Love + Propaganda,"85 Campton Pl, San Francisco",37.789,-122.407,LARCENY/THEFT,GRAND THEFT FROM LOCKED AUTO
Love + Propaganda,"85 Campton Pl, San Francisco",37.789,-122.407,LARCENY/THEFT,GRAND THEFT FROM LOCKED AUTO
Love + Propaganda,"85 Campton Pl, San Francisco",37.789,-122.407,LARCENY/THEFT,GRAND THEFT BICYCLE
Love + Propaganda,"85 Campton Pl, San Francisco",37.789,-122.407,LARCENY/THEFT,GRAND THEFT FROM A BUILDING
Love + Propaganda,"85 Campton Pl, San Francisco",37.789,-122.407,FRAUD,FRAUDULENT USE OF AUTOMATED TELLER CARD
Love + Propaganda,"85 Campton Pl, San Francisco",37.789,-122.407,LARCENY/THEFT,PETTY THEFT FROM LOCKED AUTO
Love + Propaganda,"85 Campton Pl, San Francisco",37.789,-122.407,WARRANTS,WARRANT ARREST
Love + Propaganda,"85 Campton Pl, San Francisco",37.789,-122.407,SUSPICIOUS OCC,SUSPICIOUS OCCURRENCE
Love + Propaganda,"85 Campton Pl, San Francisco",37.789,-122.407,LARCENY/THEFT,GRAND THEFT PICKPOCKET
Love + Propaganda,"85 Campton Pl, San Francisco",37.789,-122.407,LARCENY/THEFT,GRAND THEFT PICKPOCKET
Love + Propaganda,"85 Campton Pl, San Francisco",37.789,-122.407,OTHER OFFENSES,VIOLATION OF RESTRAINING ORDER
Love + Propaganda,"85 Campton Pl, San Francisco",37.789,-122.407,FRAUD,FALSE ID TO PEACE OFFICER
Love + Propaganda,"85 Campton Pl, San Francisco",37.789,-122.407,OTHER OFFENSES,RESISTING ARREST
Love + Propaganda,"85 Campton Pl, San Francisco",37.789,-122.407,NON-CRIMINAL,"AIDED CASE, MENTAL DISTURBED"
Love + Propaganda,"85 Campton Pl, San Francisco",37.789,-122.407,LARCENY/THEFT,GRAND THEFT FROM LOCKED AUTO
Miami Beach Club,"417 S 1st St, San Jose",37.33,-121.886,,
The EndUp,"401 6th St, San Francisco",37.777,-122.404,LARCENY/THEFT,GRAND THEFT FROM PERSON
The EndUp,"401 6th St, San Francisco",37.777,-122.404,FRAUD,"CREDIT CARD, THEFT BY USE OF"
The EndUp,"401 6th St, San Francisco",37.777,-122.404,LARCENY/THEFT,GRAND THEFT FROM LOCKED AUTO
The EndUp,"401 6th St, San Francisco",37.777,-122.404,ROBBERY,"ROBBERY, ARMED WITH A DANGEROUS WEAPON"
The EndUp,"401 6th St, San Francisco",37.777,-122.404,ASSAULT,BATTERY
The EndUp,"401 6th St, San Francisco",37.777,-122.404,ASSAULT,BATTERY
The EndUp,"401 6th St, San Francisco",37.777,-122.404,VANDALISM,"MALICIOUS MISCHIEF, VANDALISM"
The EndUp,"401 6th St, San Francisco",37.777,-122.404,LARCENY/THEFT,GRAND THEFT PICKPOCKET
The EndUp,"401 6th St, San Francisco",37.777,-122.404,LARCENY/THEFT,PETTY THEFT FROM UNLOCKED AUTO
The EndUp,"401 6th St, San Francisco",37.777,-122.404,OTHER OFFENSES,TRAFFIC VIOLATION ARREST
The EndUp,"401 6th St, San Francisco",37.777,-122.404,OTHER OFFENSES,"DRIVERS LICENSE, SUSPENDED OR REVOKED"
The EndUp,"401 6th St, San Francisco",37.777,-122.404,BURGLARY,"BURGLARY OF STORE, ATTEMPTED FORCIBLE ENTRY"
The EndUp,"401 6th St, San Francisco",37.777,-122.404,VANDALISM,"MALICIOUS MISCHIEF, VANDALISM"
The EndUp,"401 6th St, San Francisco",37.777,-122.404,SUSPICIOUS OCC,INVESTIGATIVE DETENTION
The EndUp,"401 6th St, San Francisco",37.777,-122.404,OTHER OFFENSES,TRAFFIC VIOLATION ARREST
The EndUp,"401 6th St, San Francisco",37.777,-122.404,SUSPICIOUS OCC,INVESTIGATIVE DETENTION
The EndUp,"401 6th St, San Francisco",37.777,-122.404,NON-CRIMINAL,IMPOUNDED VEHICLE
The EndUp,"401 6th St, San Francisco",37.777,-122.404,OTHER OFFENSES,RESISTING ARREST
The EndUp,"401 6th St, San Francisco",37.777,-122.404,OTHER OFFENSES,EVADING A POLICE OFFICER RECKLESSLY
The EndUp,"401 6th St, San Francisco",37.777,-122.404,DRUNKENNESS,UNDER INFLUENCE OF ALCOHOL IN A PUBLIC PLACE
The EndUp,"401 6th St, San Francisco",37.777,-122.404,WARRANTS,ENROUTE TO OUTSIDE JURISDICTION
The EndUp,"401 6th St, San Francisco",37.777,-122.404,LARCENY/THEFT,GRAND THEFT FROM UNLOCKED AUTO
The EndUp,"401 6th St, San Francisco",37.777,-122.404,LARCENY/THEFT,PETTY THEFT FROM LOCKED AUTO
The EndUp,"401 6th St, San Francisco",37.777,-122.404,FRAUD,FALSE ID TO PEACE OFFICER
The EndUp,"401 6th St, San Francisco",37.777,-122.404,OTHER OFFENSES,TRAFFIC VIOLATION
The EndUp,"401 6th St, San Francisco",37.777,-122.404,NON-CRIMINAL,LOST PROPERTY
The EndUp,"401 6th St, San Francisco",37.777,-122.404,ROBBERY,CARJACKING WITH BODILY FORCE
The EndUp,"401 6th St, San Francisco",37.777,-122.404,VEHICLE THEFT,STOLEN AND RECOVERED VEHICLE
The EndUp,"401 6th St, San Francisco",37.777,-122.404,VEHICLE THEFT,STOLEN AUTOMOBILE
The EndUp,"401 6th St, San Francisco",37.777,-122.404,LARCENY/THEFT,PETTY THEFT FROM UNLOCKED AUTO
The EndUp,"401 6th St, San Francisco",37.777,-122.404,OTHER OFFENSES,"DRIVERS LICENSE, SUSPENDED OR REVOKED"
The EndUp,"401 6th St, San Francisco",37.777,-122.404,VEHICLE THEFT,STOLEN AUTOMOBILE
The EndUp,"401 6th St, San Francisco",37.777,-122.404,ASSAULT,BATTERY
The EndUp,"401 6th St, San Francisco",37.777,-122.404,TRESPASS,TRESPASSING
The EndUp,"401 6th St, San Francisco",37.777,-122.404,ASSAULT,INFLICT INJURY ON COHABITEE
The EndUp,"401 6th St, San Francisco",37.777,-122.404,LARCENY/THEFT,GRAND THEFT FROM UNLOCKED AUTO
The EndUp,"401 6th St, San Francisco",37.777,-122.404,LARCENY/THEFT,PETTY THEFT FROM LOCKED AUTO
The EndUp,"401 6th St, San Francisco",37.777,-122.404,WARRANTS,WARRANT ARREST
The EndUp,"401 6th St, San Francisco",37.777,-122.404,OTHER OFFENSES,"DRIVERS LICENSE, SUSPENDED OR REVOKED"
The EndUp,"401 6th St, San Francisco",37.777,-122.404,SUSPICIOUS OCC,INVESTIGATIVE DETENTION
The EndUp,"401 6th St, San Francisco",37.777,-122.404,OTHER OFFENSES,TRAFFIC VIOLATION
The EndUp,"401 6th St, San Francisco",37.777,-122.404,SECONDARY CODES,GANG ACTIVITY
The EndUp,"401 6th St, San Francisco",37.777,-122.404,NON-CRIMINAL,SEARCH WARRANT SERVICE
The EndUp,"401 6th St, San Francisco",37.777,-122.404,DRUG/NARCOTIC,POSSESSION OF OPIUM DERIVATIVE FOR SALES
The EndUp,"401 6th St, San Francisco",37.777,-122.404,DRUG/NARCOTIC,POSSESSION OF BASE/ROCK COCAINE FOR SALE
The EndUp,"401 6th St, San Francisco",37.777,-122.404,DRUG/NARCOTIC,POSSESSION OF AMPHETAMINE
The EndUp,"401 6th St, San Francisco",37.777,-122.404,OTHER OFFENSES,TRAFFIC VIOLATION ARREST
The EndUp,"401 6th St, San Francisco",37.777,-122.404,OTHER OFFENSES,INDECENT EXPOSURE
The EndUp,"401 6th St, San Francisco",37.777,-122.404,OTHER OFFENSES,RESISTING ARREST
The EndUp,"401 6th St, San Francisco",37.777,-122.404,OTHER OFFENSES,TRAFFIC VIOLATION ARREST
The EndUp,"401 6th St, San Francisco",37.777,-122.404,VEHICLE THEFT,STOLEN AUTOMOBILE
The EndUp,"401 6th St, San Francisco",37.777,-122.404,ASSAULT,BATTERY
The EndUp,"401 6th St, San Francisco",37.777,-122.404,ASSAULT,"BATTERY, FORMER SPOUSE OR DATING RELATIONSHIP"
The EndUp,"401 6th St, San Francisco",37.777,-122.404,SECONDARY CODES,DOMESTIC VIOLENCE
The EndUp,"401 6th St, San Francisco",37.777,-122.404,LARCENY/THEFT,GRAND THEFT FROM LOCKED AUTO
The EndUp,"401 6th St, San Francisco",37.777,-122.404,STOLEN PROPERTY,"STOLEN PROPERTY, POSSESSION WITH KNOWLEDGE, RECEIVING"
The EndUp,"401 6th St, San Francisco",37.777,-122.404,OTHER OFFENSES,RESISTING ARREST
The EndUp,"401 6th St, San Francisco",37.777,-122.404,LARCENY/THEFT,PETTY THEFT FROM UNLOCKED AUTO
The EndUp,"401 6th St, San Francisco",37.777,-122.404,SUSPICIOUS OCC,INVESTIGATIVE DETENTION
The EndUp,"401 6th St, San Francisco",37.777,-122.404,SUSPICIOUS OCC,SUSPICIOUS OCCURRENCE
The EndUp,"401 6th St, San Francisco",37.777,-122.404,VANDALISM,"MALICIOUS MISCHIEF, VANDALISM"
The EndUp,"401 6th St, San Francisco",37.777,-122.404,OTHER OFFENSES,VIOLATION OF MUNICIPAL CODE
The EndUp,"401 6th St, San Francisco",37.777,-122.404,ASSAULT,BATTERY
The EndUp,"401 6th St, San Francisco",37.777,-122.404,NON-CRIMINAL,TRAFFIC ACCIDENT
The EndUp,"401 6th St, San Francisco",37.777,-122.404,OTHER OFFENSES,TRAFFIC VIOLATION
The EndUp,"401 6th St, San Francisco",37.777,-122.404,ASSAULT,AGGRAVATED ASSAULT WITH BODILY FORCE
The EndUp,"401 6th St, San Francisco",37.777,-122.404,OTHER OFFENSES,"DRIVERS LICENSE, SUSPENDED OR REVOKED"
The EndUp,"401 6th St, San Francisco",37.777,-122.404,ASSAULT,BATTERY
The EndUp,"401 6th St, San Francisco",37.777,-122.404,LARCENY/THEFT,PETTY THEFT FROM UNLOCKED AUTO
The EndUp,"401 6th St, San Francisco",37.777,-122.404,ASSAULT,"BATTERY, FORMER SPOUSE OR DATING RELATIONSHIP"
The EndUp,"401 6th St, San Francisco",37.777,-122.404,SECONDARY CODES,DOMESTIC VIOLENCE
The EndUp,"401 6th St, San Francisco",37.777,-122.404,LARCENY/THEFT,GRAND THEFT FROM PERSON
The EndUp,"401 6th St, San Francisco",37.777,-122.404,ROBBERY,"ROBBERY, BODILY FORCE"
The EndUp,"401 6th St, San Francisco",37.777,-122.404,ASSAULT,"BATTERY, FORMER SPOUSE OR DATING RELATIONSHIP"
The EndUp,"401 6th St, San Francisco",37.777,-122.404,ASSAULT,AGGRAVATED ASSAULT WITH A GUN
The EndUp,"401 6th St, San Francisco",37.777,-122.404,ASSAULT,"FIREARM, DISCHARGING AT OCCUPIED BLDG, VEHICLE, OR AIRCRAFT"
The EndUp,"401 6th St, San Francisco",37.777,-122.404,ASSAULT,"FIREARM,DISCHARGING IN GROSSLY NEGLIGENT MANNER"
The EndUp,"401 6th St, San Francisco",37.777,-122.404,WEAPON LAWS,DISCHARGE FIREARM WITHIN CITY LIMITS
The EndUp,"401 6th St, San Francisco",37.777,-122.404,VEHICLE THEFT,STOLEN AUTOMOBILE
The EndUp,"401 6th St, San Francisco",37.777,-122.404,DRUNKENNESS,UNDER INFLUENCE OF ALCOHOL IN A PUBLIC PLACE
The EndUp,"401 6th St, San Francisco",37.777,-122.404,SUSPICIOUS OCC,INVESTIGATIVE DETENTION
The EndUp,"401 6th St, San Francisco",37.777,-122.404,ASSAULT,BATTERY
The EndUp,"401 6th St, San Francisco",37.777,-122.404,NON-CRIMINAL,LOST PROPERTY
The EndUp,"401 6th St, San Francisco",37.777,-122.404,LARCENY/THEFT,PETTY THEFT FROM LOCKED AUTO
The EndUp,"401 6th St, San Francisco",37.777,-122.404,VEHICLE THEFT,STOLEN TRUCK
The EndUp,"401 6th St, San Francisco",37.777,-122.404,LARCENY/THEFT,PETTY THEFT FROM A BUILDING
The EndUp,"401 6th St, San Francisco",37.777,-122.404,OTHER OFFENSES,FALSE PERSONATION
The EndUp,"401 6th St, San Francisco",37.777,-122.404,NON-CRIMINAL,"AIDED CASE, MENTAL DISTURBED"
The EndUp,"401 6th St, San Francisco",37.777,-122.404,DISORDERLY CONDUCT,COMMITTING PUBLIC NUISANCE
The EndUp,"401 6th St, San Francisco",37.777,-122.404,TRESPASS,LODGING WITHOUT PERMISSION
The EndUp,"401 6th St, San Francisco",37.777,-122.404,OTHER OFFENSES,MISCELLANEOUS STATE MISDEMEANOR
The EndUp,"401 6th St, San Francisco",37.777,-122.404,OTHER OFFENSES,TRAFFIC VIOLATION ARREST
The EndUp,"401 6th St, San Francisco",37.777,-122.404,OTHER OFFENSES,TRAFFIC VIOLATION
The EndUp,"401 6th St, San Francisco",37.777,-122.404,OTHER OFFENSES,TRAFFIC VIOLATION
The EndUp,"401 6th St, San Francisco",37.777,-122.404,SUSPICIOUS OCC,INVESTIGATIVE DETENTION
The EndUp,"401 6th St, San Francisco",37.777,-122.404,OTHER OFFENSES,TRAFFIC VIOLATION ARREST
The EndUp,"401 6th St, San Francisco",37.777,-122.404,OTHER OFFENSES,TRAFFIC VIOLATION
The EndUp,"401 6th St, San Francisco",37.777,-122.404,DRIVING UNDER THE INFLUENCE,DRIVING WHILE UNDER THE INFLUENCE OF ALCOHOL
The EndUp,"401 6th St, San Francisco",37.777,-122.404,OTHER OFFENSES,TRAFFIC VIOLATION ARREST
The EndUp,"401 6th St, San Francisco",37.777,-122.404,OTHER OFFENSES,"DRIVERS LICENSE, SUSPENDED OR REVOKED"
The EndUp,"401 6th St, San Francisco",37.777,-122.404,NON-CRIMINAL,"AIDED CASE, MENTAL DISTURBED"
The EndUp,"401 6th St, San Francisco",37.777,-122.404,TRESPASS,TRESPASSING
The EndUp,"401 6th St, San Francisco",37.777,-122.404,LARCENY/THEFT,PETTY THEFT OF PROPERTY
The EndUp,"401 6th St, San Francisco",37.777,-122.404,LARCENY/THEFT,PETTY THEFT FROM UNLOCKED AUTO
The EndUp,"401 6th St, San Francisco",37.777,-122.404,LARCENY/THEFT,GRAND THEFT FROM LOCKED AUTO
The EndUp,"401 6th St, San Francisco",37.777,-122.404,NON-CRIMINAL,LOST PROPERTY
The EndUp,"401 6th St, San Francisco",37.777,-122.404,LARCENY/THEFT,PETTY THEFT OF PROPERTY
The EndUp,"401 6th St, San Francisco",37.777,-122.404,NON-CRIMINAL,LOST PROPERTY
The EndUp,"401 6th St, San Francisco",37.777,-122.404,LARCENY/THEFT,GRAND THEFT OF PROPERTY
The EndUp,"401 6th St, San Francisco",37.777,-122.404,NON-CRIMINAL,LOST PROPERTY
The EndUp,"401 6th St, San Francisco",37.777,-122.404,LARCENY/THEFT,GRAND THEFT OF PROPERTY
The EndUp,"401 6th St, San Francisco",37.777,-122.404,NON-CRIMINAL,LOST PROPERTY
The EndUp,"401 6th St, San Francisco",37.777,-122.404,NON-CRIMINAL,LOST PROPERTY
The EndUp,"401 6th St, San Francisco",37.777,-122.404,LARCENY/THEFT,PETTY THEFT OF PROPERTY
The EndUp,"401 6th St, San Francisco",37.777,-122.404,LARCENY/THEFT,GRAND THEFT OF PROPERTY
The EndUp,"401 6th St, San Francisco",37.777,-122.404,LARCENY/THEFT,PETTY THEFT OF PROPERTY
The EndUp,"401 6th St, San Francisco",37.777,-122.404,LARCENY/THEFT,GRAND THEFT FROM LOCKED AUTO
The EndUp,"401 6th St, San Francisco",37.777,-122.404,NON-CRIMINAL,LOST PROPERTY
The EndUp,"401 6th St, San Francisco",37.777,-122.404,NON-CRIMINAL,LOST PROPERTY
The EndUp,"401 6th St, San Francisco",37.777,-122.404,LARCENY/THEFT,GRAND THEFT FROM UNLOCKED AUTO
The EndUp,"401 6th St, San Francisco",37.777,-122.404,LARCENY/THEFT,GRAND THEFT FROM LOCKED AUTO
The EndUp,"401 6th St, San Francisco",37.777,-122.404,LARCENY/THEFT,GRAND THEFT FROM LOCKED AUTO
The EndUp,"401 6th St, San Francisco",37.777,-122.404,LARCENY/THEFT,PETTY THEFT OF PROPERTY
The EndUp,"401 6th St, San Francisco",37.777,-122.404,LARCENY/THEFT,GRAND THEFT FROM LOCKED AUTO
The EndUp,"401 6th St, San Francisco",37.777,-122.404,DRUNKENNESS,UNDER INFLUENCE OF ALCOHOL IN A PUBLIC PLACE
The EndUp,"401 6th St, San Francisco",37.777,-122.404,LARCENY/THEFT,PETTY THEFT FROM UNLOCKED AUTO
The EndUp,"401 6th St, San Francisco",37.777,-122.404,VANDALISM,"MALICIOUS MISCHIEF, BREAKING WINDOWS"
The EndUp,"401 6th St, San Francisco",37.777,-122.404,WARRANTS,WARRANT ARREST
The EndUp,"401 6th St, San Francisco",37.777,-122.404,WARRANTS,ENROUTE TO OUTSIDE JURISDICTION
The EndUp,"401 6th St, San Francisco",37.777,-122.404,NON-CRIMINAL,LOST PROPERTY
The EndUp,"401 6th St, San Francisco",37.777,-122.404,NON-CRIMINAL,LOST PROPERTY
The EndUp,"401 6th St, San Francisco",37.777,-122.404,NON-CRIMINAL,LOST PROPERTY
The EndUp,"401 6th St, San Francisco",37.777,-122.404,FRAUD,FALSE ID TO PEACE OFFICER
The EndUp,"401 6th St, San Francisco",37.777,-122.404,WARRANTS,ENROUTE TO OUTSIDE JURISDICTION
The EndUp,"401 6th St, San Francisco",37.777,-122.404,OTHER OFFENSES,TRAFFIC VIOLATION ARREST
